Age,Income,Gender,Education,Purchased
56,29930,Male,Masters,0
69,23285,Male,PhD,0
46,55863,Male,PhD,0
32,36704,Female,Bachelors,0
60,38705,Male,Bachelors,1
25,20555,Male,PhD,0
38,41323,Female,Bachelors,0
56,90968,Female,PhD,1
36,86922,Female,Masters,1
40,73915,Male,Bachelors,1
28,30619,Female,Bachelors,0
28,92390,Female,PhD,1
41,79274,Female,Masters,1
53,93173,Male,Bachelors,0
57,41225,Male,Bachelors,1
41,46739,Female,PhD,1
20,67708,Male,Masters,0
39,73019,Male,PhD,1
19,96154,Male,Masters,0
41,27373,Male,Masters,1
61,55281,Male,PhD,1
47,40187,Female,PhD,1
55,87863,Female,Masters,0
19,117927,Female,PhD,1
38,104085,Female,Bachelors,1
50,59220,Male,Bachelors,1
29,27642,Female,Bachelors,1
39,99971,Female,Bachelors,0
61,75556,Male,Bachelors,1
42,53760,Male,PhD,1
66,58192,Male,Masters,1
44,24381,Male,PhD,1
59,116583,Female,Bachelors,0
45,39558,Male,Bachelors,0
33,50782,Male,PhD,0
32,24782,Male,PhD,1
64,111417,Male,Masters,0
68,74712,Male,Bachelors,0
61,114945,Male,PhD,0
69,39462,Female,Masters,1
20,80030,Female,Bachelors,1
54,88519,Female,Bachelors,0
68,76411,Male,Bachelors,1
24,75206,Male,PhD,1
38,117469,Female,Bachelors,1
26,66950,Female,Bachelors,0
56,22523,Female,Masters,1
35,80926,Female,PhD,1
21,29677,Male,Masters,0
42,95828,Female,PhD,1
31,35089,Male,Bachelors,1
67,24581,Male,Masters,0
26,31907,Male,PhD,0
43,25609,Female,PhD,1
19,71153,Female,Bachelors,1
37,70539,Female,Bachelors,1
45,64143,Male,Masters,0
64,42936,Male,Masters,0
24,70182,Female,PhD,1
61,119524,Male,Masters,1
25,115042,Female,Bachelors,1
64,33163,Male,Masters,1
52,79758,Male,Masters,0
31,66057,Male,PhD,1
34,32537,Male,Bachelors,0
53,42419,Male,PhD,0
67,62578,Male,Bachelors,0
57,94991,Male,Bachelors,1
21,94599,Female,PhD,0
19,20834,Male,Masters,0
23,52214,Male,PhD,1
59,112934,Female,Masters,1
21,22413,Female,PhD,0
46,29505,Female,PhD,1
35,22105,Female,Masters,0
43,88104,Male,Masters,1
61,78408,Male,Masters,0
51,57679,Female,PhD,0
27,119096,Male,Masters,1
53,99731,Female,Masters,1
31,85131,Male,Masters,1
48,84280,Male,Bachelors,0
65,35762,Male,Masters,0
32,78703,Male,Masters,1
25,101434,Male,Masters,0
31,83079,Female,Bachelors,1
40,41577,Male,Bachelors,0
57,21214,Male,Masters,0
38,106339,Male,Masters,1
33,68114,Male,Masters,1
62,109234,Male,Masters,0
35,83230,Female,Bachelors,0
64,52980,Male,Masters,0
41,87194,Female,Bachelors,0
43,97806,Male,PhD,1
42,57792,Male,Bachelors,1
62,65807,Female,PhD,1
58,42301,Male,Bachelors,0
46,25141,Male,Bachelors,0
32,33777,Female,Bachelors,0
62,58346,Male,Masters,0
18,74703,Female,Bachelors,1
42,114977,Female,Masters,1
24,67819,Female,Bachelors,1
26,48469,Male,Bachelors,0
41,23845,Male,PhD,1
18,43290,Female,Bachelors,1
61,50699,Male,Masters,1
25,64252,Female,PhD,1
41,118682,Male,PhD,0
28,23293,Female,Bachelors,0
68,77089,Male,Bachelors,1
34,36608,Female,PhD,1
25,86273,Male,Masters,1
52,36619,Female,Bachelors,1
52,98006,Male,PhD,1
50,107908,Female,Masters,0
22,101653,Male,Bachelors,1
59,34779,Male,PhD,1
56,71040,Female,PhD,1
58,114830,Male,Bachelors,0
45,76325,Male,Masters,0
24,41630,Male,Masters,0
26,32178,Male,PhD,0
25,39935,Female,Masters,0
29,67258,Male,PhD,1
51,42784,Male,Bachelors,1
50,83722,Female,Masters,0
65,43027,Male,Bachelors,0
40,116544,Female,PhD,0
41,77853,Male,Bachelors,1
54,87359,Female,Masters,0
52,92388,Male,Bachelors,0
61,98608,Female,Masters,0
57,96669,Female,Masters,1
39,35111,Female,Masters,0
44,52312,Male,Masters,1
52,44161,Female,Masters,1
18,87313,Male,PhD,1
52,70374,Female,Bachelors,1
54,44014,Female,PhD,1
64,100308,Female,Bachelors,0
31,66389,Male,Bachelors,1
20,38161,Male,Bachelors,1
18,27490,Female,PhD,1
22,44502,Female,Masters,0
43,55757,Female,Masters,1
31,61111,Female,PhD,1
56,118273,Female,Masters,1
44,103245,Female,Bachelors,0
26,78645,Female,Masters,1
32,79055,Female,Masters,1
32,28998,Male,Masters,1
43,48906,Female,Bachelors,1
59,90192,Male,Masters,1
30,70477,Female,Masters,1
68,56901,Male,Masters,1
49,111271,Male,PhD,0
56,72021,Female,PhD,0
66,49092,Male,Masters,0
69,21242,Male,PhD,1
49,21831,Female,PhD,0
21,70721,Female,Bachelors,1
47,48511,Female,PhD,0
54,92782,Male,PhD,0
40,117003,Female,Masters,1
56,38302,Male,Bachelors,1
62,75568,Female,Bachelors,1
32,23232,Female,Bachelors,1
60,71507,Male,PhD,1
46,96508,Male,Masters,0
53,30683,Male,Bachelors,1
30,43664,Female,Bachelors,0
49,53172,Female,PhD,0
24,103641,Female,Bachelors,1
68,84340,Male,Masters,0
39,107236,Male,Bachelors,0
45,31017,Male,Masters,1
19,56613,Male,Masters,1
59,106130,Female,Masters,0
62,96920,Male,PhD,0
23,50348,Male,PhD,0
45,36448,Female,Masters,1
45,29491,Female,Masters,1
61,98648,Male,Bachelors,1
61,116557,Male,Bachelors,0
37,78759,Male,Bachelors,1
47,64553,Male,PhD,1
28,20968,Male,Bachelors,0
45,20368,Male,Masters,0
42,93960,Female,Masters,0
56,55010,Female,PhD,1
50,74154,Female,PhD,1
18,55851,Female,Bachelors,1
44,45496,Male,PhD,1
69,50936,Male,Masters,1
30,98858,Male,Masters,1
58,87005,Male,PhD,1
20,57493,Female,Masters,0
56,89795,Male,PhD,1
23,56390,Male,Masters,1
25,30292,Male,Bachelors,0
44,112377,Male,PhD,0
26,48365,Female,PhD,0
54,37207,Male,PhD,0
50,42912,Female,Masters,1
68,100771,Male,Bachelors,1
59,76572,Male,PhD,0
61,119083,Male,Masters,0
41,39276,Female,PhD,1
32,117459,Male,Masters,0
49,25534,Male,Bachelors,0
49,112005,Male,Masters,1
41,55670,Female,Masters,0
58,82147,Female,PhD,1
69,118099,Male,Masters,0
66,56486,Female,PhD,1
66,85557,Male,Masters,0
69,54268,Male,Bachelors,1
29,101335,Female,Masters,1
56,46336,Male,PhD,0
19,23641,Male,Masters,0
20,107132,Female,Masters,0
66,52959,Female,Bachelors,0
54,33306,Female,PhD,0
66,66182,Female,Bachelors,1
34,94123,Male,Masters,1
66,76326,Male,Bachelors,1
19,116895,Male,Masters,1
19,41498,Male,Masters,0
45,90198,Male,Bachelors,1
40,47197,Male,Bachelors,1
54,40719,Male,Masters,1
49,110201,Male,Bachelors,0
50,45032,Female,Bachelors,0
18,79624,Male,Masters,1
36,98177,Male,PhD,0
19,61964,Male,Bachelors,1
61,50028,Male,Bachelors,0
43,74646,Male,PhD,0
49,101187,Female,Bachelors,0
23,28536,Female,Masters,1
49,76747,Female,Bachelors,0
21,65712,Male,Masters,1
28,26273,Male,PhD,0
34,91820,Male,PhD,1
55,111228,Male,PhD,1
41,94353,Female,Bachelors,1
22,114491,Female,PhD,1
69,112091,Male,Bachelors,1
51,105914,Male,Bachelors,1
23,70830,Female,Bachelors,0
39,37127,Female,PhD,1
28,103488,Female,PhD,0
65,31539,Female,Bachelors,1
33,66761,Female,PhD,1
50,66219,Female,Bachelors,0
26,34692,Female,PhD,1
23,103656,Male,Masters,0
33,33334,Male,PhD,1
46,48615,Female,PhD,0
20,27903,Male,PhD,0
37,48527,Female,Bachelors,1
53,35629,Male,Bachelors,0
36,78008,Female,Masters,0
43,103276,Male,Masters,1
20,119318,Female,Masters,1
36,46708,Male,Bachelors,1
37,30860,Male,Masters,0
49,37438,Female,Masters,0
24,87300,Female,PhD,0
69,91545,Female,Masters,1
58,40842,Male,PhD,1
50,80213,Male,Bachelors,0
57,62372,Male,Bachelors,1
56,118971,Male,PhD,1
35,88906,Female,Masters,1
57,58744,Female,Bachelors,1
18,77442,Male,PhD,1
28,105990,Female,Bachelors,0
45,23650,Female,Bachelors,0
42,65117,Female,Masters,1
67,111244,Female,Bachelors,1
40,72772,Male,PhD,0
48,23190,Female,Masters,0
47,68113,Female,PhD,0
59,28789,Female,PhD,0
52,52125,Male,PhD,0
24,118695,Female,Masters,1
33,37459,Male,Bachelors,0
43,55418,Male,PhD,0
65,67085,Female,Bachelors,0
69,38768,Female,Bachelors,0
66,69961,Male,PhD,1
19,101099,Male,Bachelors,1
18,47885,Male,Masters,0
65,107421,Male,Masters,0
29,81082,Female,Bachelors,1
22,26895,Male,Bachelors,0
54,70311,Female,Masters,0
49,109494,Female,Bachelors,1
26,87067,Male,Bachelors,1
58,91017,Female,Bachelors,0
52,43932,Male,Bachelors,0
36,41360,Male,PhD,1
65,74847,Male,Bachelors,1
33,110365,Female,Masters,1
20,105468,Female,PhD,0
37,58931,Male,PhD,0
41,75823,Female,Masters,0
50,58032,Female,Bachelors,1
41,101426,Female,PhD,0
69,38807,Female,PhD,1
28,31767,Female,Bachelors,0
66,28071,Male,Bachelors,1
25,73413,Female,Masters,0
53,46149,Female,PhD,1
55,35540,Male,Bachelors,1
57,90248,Female,Bachelors,1
37,111737,Female,Masters,1
52,105435,Female,PhD,0
65,39787,Male,Bachelors,1
42,40982,Female,Masters,0
52,42606,Female,PhD,0
42,30150,Male,PhD,1
46,105929,Male,PhD,1
35,66936,Female,PhD,0
63,113286,Male,Masters,0
35,28593,Male,Bachelors,0
19,37358,Male,PhD,0
52,102143,Female,PhD,0
33,57381,Female,Bachelors,0
58,110347,Male,PhD,0
53,48074,Male,PhD,1
50,40595,Male,Bachelors,0
21,64194,Male,Bachelors,0
50,69377,Female,PhD,1
31,46853,Male,Bachelors,0
38,93719,Female,Masters,0
65,40661,Male,Masters,1
37,70493,Female,PhD,0
25,56495,Female,PhD,0
24,33703,Male,Bachelors,1
20,73080,Female,Bachelors,1
34,50815,Female,PhD,0
50,49565,Female,PhD,1
65,83321,Male,Masters,1
29,78453,Female,Bachelors,0
68,108478,Female,PhD,1
39,53161,Male,PhD,1
39,75991,Male,Bachelors,0
63,29716,Female,Bachelors,0
47,53349,Female,PhD,1
55,67098,Male,PhD,1
55,20132,Male,PhD,0
62,71990,Female,Bachelors,0
68,88921,Female,PhD,1
25,56538,Male,PhD,0
44,119279,Male,PhD,0
44,27213,Female,Masters,1
51,64223,Female,Masters,1
38,111655,Male,Bachelors,0
47,88371,Female,PhD,0
50,88274,Female,PhD,1
45,24134,Female,Bachelors,0
64,111428,Female,Bachelors,1
50,59601,Male,Bachelors,0
22,93889,Male,PhD,0
65,35690,Female,Masters,0
36,21909,Female,Bachelors,1
21,111239,Female,PhD,1
52,100032,Female,Bachelors,0
66,32062,Male,PhD,0
34,95386,Female,Bachelors,1
61,113237,Female,PhD,1
45,54731,Male,Bachelors,0
47,25153,Male,Masters,1
46,30481,Female,Bachelors,1
63,119270,Male,Bachelors,0
23,86425,Male,Masters,0
52,83600,Female,Bachelors,1
58,104981,Female,Masters,1
54,91997,Male,PhD,0
41,48205,Female,Masters,1
46,108887,Male,Masters,0
66,101542,Male,PhD,0
63,64149,Male,Masters,1
48,69112,Female,Masters,0
52,30940,Female,PhD,0
50,79010,Male,Bachelors,0
69,96794,Male,Bachelors,0
38,44485,Female,Masters,0
49,109299,Male,Bachelors,1
40,21067,Male,Bachelors,0
50,40607,Female,Masters,0
20,81597,Female,PhD,0
35,94554,Female,Bachelors,1
42,68521,Female,Masters,0
59,35187,Male,PhD,0
48,23985,Female,Bachelors,0
20,63052,Female,PhD,0
57,39563,Male,Masters,1
63,67322,Male,PhD,1
41,81245,Male,PhD,0
67,71514,Female,Masters,1
49,38608,Male,Bachelors,1
64,87262,Female,Bachelors,1
39,112118,Male,PhD,0
40,91327,Female,PhD,0
19,77225,Male,PhD,0
44,93994,Female,PhD,0
59,37221,Female,Bachelors,0
19,68506,Male,Masters,0
43,40968,Male,Masters,1
34,102606,Female,Masters,1
57,47937,Male,PhD,1
50,82435,Female,PhD,1
26,69508,Female,Masters,1
60,61831,Female,Bachelors,0
65,62933,Male,Masters,0
56,67307,Female,Bachelors,1
46,68340,Female,PhD,0
59,106338,Female,Masters,0
43,63601,Female,Masters,0
52,95956,Male,PhD,0
67,92178,Male,Bachelors,0
42,105311,Female,Masters,1
41,48754,Male,Masters,1
30,63310,Male,Bachelors,1
24,89893,Female,Masters,0
53,106799,Male,Masters,0
62,68367,Male,PhD,0
37,33201,Male,Bachelors,0
18,22739,Male,Masters,1
25,33231,Male,Masters,0
63,62495,Male,PhD,1
33,41168,Female,Masters,1
31,52624,Male,PhD,1
29,30635,Female,Masters,1
68,29964,Female,PhD,0
40,47785,Female,Bachelors,0
32,115046,Male,Bachelors,1
45,102797,Male,Masters,0
51,104790,Female,Masters,0
19,96928,Female,PhD,0
49,32336,Female,PhD,1
40,97475,Male,Bachelors,1
39,47412,Male,Masters,1
68,102212,Male,PhD,1
42,95379,Female,Bachelors,1
39,65591,Male,Bachelors,1
39,81750,Male,PhD,1
66,110648,Female,Masters,0
69,116134,Male,Bachelors,1
59,55454,Female,PhD,0
23,118537,Male,Bachelors,1
32,82672,Female,Masters,0
60,47228,Male,PhD,0
54,34429,Female,Masters,0
50,104294,Male,Masters,0
25,87808,Female,Bachelors,1
61,102886,Female,Masters,1
61,73015,Male,Bachelors,1
22,108074,Male,PhD,1
56,88936,Female,PhD,1
21,100907,Male,Bachelors,1
23,77378,Female,Bachelors,1
62,57310,Female,Bachelors,1
49,103683,Male,Masters,1
69,88827,Male,PhD,1
47,55256,Male,PhD,1
64,96428,Female,Masters,0
52,119862,Female,Bachelors,0
57,58889,Male,PhD,0
69,71428,Female,Masters,0
33,57207,Female,Bachelors,0
30,70255,Male,PhD,1
67,111531,Female,Bachelors,1
59,25409,Female,Masters,0
47,62438,Female,PhD,1
36,115359,Male,Bachelors,0
34,27869,Male,Bachelors,1
36,76862,Female,Bachelors,1
45,107937,Male,Masters,0
43,45958,Female,Bachelors,0
54,96302,Male,PhD,0
43,39768,Female,PhD,1
40,116330,Female,Bachelors,0
26,46145,Female,Masters,1
29,95622,Female,PhD,1
18,46442,Male,PhD,1
18,101948,Female,PhD,1
64,45596,Female,Bachelors,0
51,95791,Male,PhD,0
49,62406,Male,Bachelors,0
65,60524,Female,Bachelors,0
42,43332,Female,Bachelors,1
57,35764,Male,Bachelors,0
62,47563,Female,Bachelors,0
18,107675,Female,PhD,0
33,56370,Female,Bachelors,0
56,25062,Female,Bachelors,1
22,64645,Female,Bachelors,1
39,27244,Female,Bachelors,1
46,26372,Female,Bachelors,1
20,105501,Female,Bachelors,0
29,84471,Female,PhD,1
43,36956,Male,Bachelors,0
33,60473,Male,Bachelors,0
68,33894,Male,PhD,0
54,118918,Female,PhD,0
39,89586,Female,Masters,1
46,36709,Female,PhD,1
31,101258,Male,PhD,0
45,35210,Male,Bachelors,1
22,69510,Female,Masters,1
64,58674,Male,Bachelors,0
66,37733,Male,Masters,0
47,40080,Female,Bachelors,1
63,73412,Female,PhD,0
69,78971,Male,PhD,1
22,59709,Female,Masters,0
29,79846,Male,Bachelors,0
33,85480,Male,Bachelors,0
43,72960,Male,PhD,0
43,61152,Female,PhD,1
65,47250,Male,Masters,1
38,105765,Male,PhD,1
56,68137,Female,Masters,1
53,102011,Female,Masters,0
50,66412,Male,Masters,0
47,63876,Female,Masters,1
54,114547,Female,PhD,1
40,93664,Male,Masters,1
27,70227,Female,PhD,1
22,52450,Male,Masters,1
53,104433,Female,PhD,0
51,93704,Female,Masters,1
69,26861,Male,PhD,1
48,81914,Male,Bachelors,0
27,83888,Female,Masters,0
36,99286,Female,Masters,1
49,81293,Female,Bachelors,1
18,102524,Male,Bachelors,1
22,88515,Female,Masters,0
62,43524,Male,PhD,1
21,27065,Female,Masters,1
33,57684,Female,PhD,0
41,108720,Female,Bachelors,0
33,53365,Female,PhD,0
19,78876,Female,Masters,0
66,43704,Male,Bachelors,1
45,77857,Male,Bachelors,0
49,25622,Male,Masters,0
44,103797,Female,Masters,0
37,113955,Male,Bachelors,1
41,111141,Male,PhD,0
29,114707,Female,PhD,1
67,107700,Female,PhD,0
52,99332,Male,Masters,1
50,116856,Male,Bachelors,1
50,86201,Male,PhD,1
68,52694,Male,Bachelors,0
60,109766,Male,PhD,1
54,42995,Male,Bachelors,0
29,112320,Male,Masters,0
20,100141,Female,Masters,1
18,102999,Male,Masters,0
50,28419,Female,PhD,1
57,67952,Female,Masters,0
27,53837,Female,Masters,1
60,90799,Male,Masters,0
61,68877,Male,Bachelors,1
46,65687,Female,Bachelors,0
30,119667,Male,Bachelors,0
29,57276,Male,Bachelors,1
48,54523,Female,Bachelors,0
63,86055,Male,Bachelors,0
19,74615,Female,Bachelors,1
68,116642,Female,Masters,1
67,30514,Female,Masters,1
52,67456,Female,PhD,1
40,27233,Male,Masters,1
34,21102,Female,Bachelors,0
43,86133,Male,Bachelors,1
25,66715,Male,PhD,0
46,105193,Male,Masters,0
43,26256,Male,Masters,0
27,84800,Female,PhD,0
43,114937,Female,Bachelors,0
51,61548,Female,Bachelors,1
68,92090,Female,Bachelors,1
58,98200,Female,Bachelors,1
24,62367,Male,PhD,1
21,109922,Female,Masters,1
67,90382,Male,Bachelors,1
62,46205,Male,Masters,0
28,45570,Female,Masters,1
46,50255,Male,Bachelors,1
53,41182,Male,Bachelors,1
42,59373,Female,Bachelors,1
38,63019,Female,Masters,1
53,82619,Female,PhD,0
27,36043,Male,Bachelors,0
54,65532,Female,Masters,0
26,85936,Female,Masters,1
41,39239,Male,Bachelors,1
52,30416,Female,PhD,1
66,23412,Male,Bachelors,0
52,101976,Male,Bachelors,0
65,44406,Female,PhD,1
53,21875,Male,Bachelors,1
35,57066,Male,Bachelors,0
66,25752,Female,PhD,0
56,106753,Female,Masters,0
49,98025,Female,Masters,1
41,21353,Male,Masters,0
40,46986,Male,Masters,1
49,106907,Female,Masters,1
54,34691,Female,Bachelors,1
29,89847,Female,PhD,0
66,68075,Male,Masters,0
30,30794,Female,PhD,0
40,88470,Male,Masters,0
42,36406,Female,Bachelors,1
52,95930,Male,Masters,1
58,46872,Male,Masters,1
47,61708,Female,PhD,1
34,40800,Male,PhD,0
66,63397,Male,Bachelors,1
37,57909,Female,PhD,0
65,41352,Female,PhD,1
42,113848,Male,PhD,0
39,35438,Male,Bachelors,1
30,108921,Male,Bachelors,1
36,64999,Female,Bachelors,0
66,38482,Male,PhD,1
53,52471,Male,PhD,0
29,67279,Female,Bachelors,1
58,74213,Female,PhD,0
36,33026,Female,PhD,0
29,105184,Female,Masters,0
26,25435,Female,Bachelors,0
24,28493,Male,Bachelors,1
45,92227,Male,PhD,0
31,79321,Male,PhD,0
48,22763,Female,Masters,0
69,40389,Female,Bachelors,0
36,51498,Female,Bachelors,1
64,83755,Male,PhD,0
33,55825,Female,Bachelors,1
22,36934,Female,PhD,1
52,25574,Female,Masters,0
29,58179,Male,PhD,0
42,21587,Female,Masters,0
69,62782,Female,PhD,0
38,74412,Male,Masters,1
53,80561,Female,Masters,1
40,97224,Female,Bachelors,0
33,24409,Female,PhD,0
56,91319,Male,Bachelors,1
62,119016,Female,Bachelors,1
59,46751,Female,PhD,0
56,58174,Male,Bachelors,0
31,76572,Male,Bachelors,0
48,81416,Female,Bachelors,0
22,32041,Male,PhD,0
52,43227,Female,Bachelors,0
40,55201,Male,Bachelors,1
46,56069,Female,Bachelors,1
60,102190,Female,PhD,1
28,46370,Female,Masters,1
35,115018,Male,Masters,0
64,31586,Male,Masters,0
29,70231,Female,Masters,1
26,25322,Female,Bachelors,0
27,85294,Female,PhD,0
61,99468,Female,Bachelors,0
34,49299,Male,PhD,1
55,110715,Male,Bachelors,1
24,90793,Female,Masters,1
63,66501,Male,Masters,1
30,77134,Male,PhD,1
57,29777,Male,Bachelors,1
59,31249,Female,Masters,1
26,41390,Female,PhD,0
67,40369,Male,Bachelors,1
44,32881,Male,PhD,0
19,29587,Female,Bachelors,0
22,113800,Female,Bachelors,1
46,94327,Female,Bachelors,0
54,107911,Male,PhD,0
55,108147,Male,PhD,1
36,27833,Male,Bachelors,0
25,67013,Female,Masters,1
65,83620,Female,Bachelors,0
62,35754,Female,PhD,0
18,98113,Female,Bachelors,0
39,116631,Female,PhD,0
69,106784,Male,Bachelors,1
34,55282,Male,Bachelors,1
24,56737,Male,Masters,1
42,117427,Female,Masters,0
62,44124,Male,PhD,0
21,90102,Female,Bachelors,0
53,22196,Male,PhD,0
23,81527,Male,Bachelors,1
48,116651,Female,Bachelors,0
36,105395,Male,Bachelors,1
61,31345,Male,Masters,0
56,54077,Male,PhD,0
44,86400,Male,Bachelors,1
27,32055,Male,Bachelors,1
43,105283,Male,PhD,1
36,64484,Male,PhD,1
56,97514,Female,Bachelors,0
20,110135,Male,Masters,1
62,55771,Female,Masters,1
30,77654,Male,Bachelors,0
67,66540,Female,Masters,0
45,103151,Female,PhD,0
37,49377,Male,Masters,0
45,115567,Female,PhD,1
25,69573,Female,PhD,1
58,62733,Male,PhD,0
56,31760,Female,PhD,1
18,119250,Male,Masters,1
20,45762,Female,PhD,0
30,70986,Female,Bachelors,1
45,54332,Female,PhD,1
66,60100,Female,Bachelors,0
42,24944,Male,PhD,1
50,68825,Male,PhD,1
55,33877,Male,Masters,0
23,49990,Male,PhD,1
61,119612,Male,PhD,0
62,75283,Female,Masters,0
49,23258,Male,Masters,0
62,51629,Female,Bachelors,0
64,57579,Male,Masters,0
38,42958,Male,Bachelors,0
33,59465,Male,PhD,1
38,105853,Male,Bachelors,0
28,35775,Female,Masters,1
54,96575,Male,PhD,0
53,114633,Female,Bachelors,0
52,54207,Female,Bachelors,0
36,42553,Male,Bachelors,1
37,73632,Female,PhD,1
35,20055,Female,Bachelors,0
64,108697,Male,Bachelors,1
58,52873,Female,Masters,0
66,100720,Male,Bachelors,0
31,86205,Male,PhD,1
32,98199,Female,Masters,0
48,45318,Female,PhD,0
18,53734,Female,Masters,1
20,102227,Female,Masters,0
33,38522,Female,Bachelors,0
40,31656,Female,PhD,1
28,35893,Female,Bachelors,1
29,36493,Male,Masters,0
27,23632,Male,Bachelors,0
49,115872,Male,Masters,1
33,108648,Female,Masters,1
25,81779,Female,PhD,0
55,58452,Female,PhD,1
29,33266,Male,PhD,1
41,81607,Male,PhD,1
45,36940,Male,Bachelors,0
25,44003,Female,PhD,0
45,118408,Male,PhD,0
53,54815,Male,PhD,0
43,50869,Female,Masters,0
25,69297,Male,Masters,1
67,80107,Male,PhD,1
45,102793,Male,Masters,1
45,36682,Female,Masters,0
54,39622,Male,Bachelors,0
58,50408,Female,Masters,1
53,28837,Female,Bachelors,1
44,84210,Male,Masters,1
34,35407,Male,PhD,1
26,49309,Female,Masters,0
50,91918,Female,Masters,0
37,113190,Female,Bachelors,1
30,38895,Female,PhD,0
45,119087,Female,Bachelors,0
65,106912,Male,PhD,0
46,20370,Female,PhD,0
30,20486,Male,Bachelors,1
63,43762,Female,Masters,1
52,46613,Male,PhD,0
23,23196,Female,Masters,1
35,114937,Male,Bachelors,0
68,96349,Male,Bachelors,1
22,84839,Female,Bachelors,1
64,61916,Female,Bachelors,1
42,28572,Male,PhD,1
19,48225,Male,Bachelors,1
27,65853,Male,Masters,1
47,69390,Female,Masters,1
67,52275,Female,PhD,0
62,92379,Female,Bachelors,1
22,21105,Female,PhD,0
50,79896,Male,PhD,1
18,63209,Female,PhD,1
35,117175,Female,Bachelors,1
49,62487,Female,Masters,0
64,38051,Female,Masters,0
66,114244,Female,PhD,0
28,97400,Male,PhD,0
38,86961,Female,Masters,0
43,80156,Male,Masters,1
42,77175,Female,Bachelors,0
39,26849,Female,PhD,0
44,38976,Female,Bachelors,0
66,119794,Female,Masters,1
30,76866,Male,Masters,1
50,67078,Male,Masters,1
51,51113,Female,Masters,0
58,35401,Male,Bachelors,1
52,32884,Male,Masters,0
18,104360,Female,PhD,1
38,57563,Male,Masters,1
65,54414,Male,PhD,1
23,36142,Female,Masters,1
45,91492,Female,Bachelors,1
34,99464,Male,PhD,0
22,95257,Female,Bachelors,0
48,96693,Female,Masters,1
22,55135,Female,Bachelors,0
55,92232,Male,Masters,1
20,47862,Female,Bachelors,1
40,25190,Female,Bachelors,1
54,90199,Male,PhD,1
54,24331,Male,Masters,1
27,72186,Male,Bachelors,1
27,64648,Male,Masters,1
36,48549,Male,PhD,0
34,101782,Female,Bachelors,0
38,45761,Male,Masters,1
31,23262,Female,Bachelors,0
26,71259,Male,Bachelors,1
63,92572,Female,Bachelors,0
18,73472,Female,Bachelors,0
68,107858,Male,PhD,1
62,104667,Male,PhD,1
30,24677,Male,Masters,0
21,93508,Male,Masters,1
18,100865,Male,Bachelors,0
66,70617,Male,Bachelors,1
57,106029,Female,Bachelors,0
49,38595,Female,PhD,0
51,107459,Female,Bachelors,0
45,80148,Female,Masters,1
48,66926,Female,Bachelors,0
25,95271,Male,PhD,1
56,54457,Male,Bachelors,1
43,62531,Female,PhD,1
51,93263,Female,PhD,1
20,93300,Male,PhD,1
67,83171,Male,PhD,0
29,65771,Male,Masters,1
18,113135,Male,PhD,1
61,86354,Female,Masters,0
22,57289,Female,Masters,0
47,53892,Male,Bachelors,1
47,91196,Male,Bachelors,1
34,115057,Female,PhD,1
65,58409,Female,Bachelors,0
64,54470,Female,PhD,1
40,38385,Male,Bachelors,1
32,43296,Female,PhD,0
54,81716,Male,Bachelors,0
38,109152,Male,Bachelors,0
31,46382,Male,Masters,1
19,96675,Female,Bachelors,1
28,117596,Female,Bachelors,1
68,42419,Male,PhD,0
56,113321,Female,Masters,0
55,101238,Male,PhD,1
51,114753,Female,Bachelors,0
55,59291,Male,PhD,0
67,32397,Male,Masters,0
51,77888,Female,PhD,0
35,55169,Female,Bachelors,1
47,82182,Male,PhD,1
32,112476,Female,Bachelors,0
44,62249,Male,Masters,0
68,48341,Male,Masters,0
51,95603,Male,PhD,0
69,66144,Male,Masters,0
55,81772,Male,PhD,1
50,99360,Male,Bachelors,0
41,33444,Male,PhD,1
32,65647,Male,Bachelors,1
47,118843,Female,Masters,0
59,30974,Female,Bachelors,1
68,58383,Male,Bachelors,0
34,114826,Male,Bachelors,0
22,101552,Male,Bachelors,0
46,117648,Female,Bachelors,1
21,114049,Male,PhD,1
27,22956,Male,Bachelors,1
34,28077,Male,Bachelors,0
27,56490,Female,Bachelors,1
34,75612,Female,Bachelors,1
37,56159,Female,Bachelors,1
41,59710,Male,Bachelors,0
22,103536,Male,Masters,1
51,33806,Female,PhD,0
23,98345,Male,Bachelors,1
19,100391,Female,PhD,1
30,114924,Female,Masters,1
60,26458,Male,Masters,0
60,55524,Male,Bachelors,0
65,26853,Male,PhD,1
28,60477,Male,Bachelors,1
68,52222,Female,Masters,0
64,38320,Female,Masters,0
40,114154,Female,PhD,1
33,72243,Female,Bachelors,1
48,65615,Female,PhD,0
28,37352,Female,PhD,1
33,92833,Male,Masters,0
25,113476,Female,PhD,1
21,23203,Male,Masters,1
57,59267,Male,Bachelors,1
21,57941,Female,PhD,1
42,102809,Female,PhD,0
20,45368,Male,Bachelors,1
49,97186,Male,PhD,1
20,50984,Female,Bachelors,1
44,61941,Female,Masters,1
46,92918,Male,Masters,1
49,72683,Female,PhD,1
67,20801,Female,Masters,0
68,67965,Female,Masters,1
36,105269,Female,Bachelors,0
38,29969,Female,Masters,0
22,55969,Male,Masters,0
35,102269,Female,Masters,0
45,52449,Female,Bachelors,1
59,111679,Male,PhD,1
39,45705,Male,Bachelors,1
38,80303,Female,PhD,0
23,48363,Female,PhD,1
18,50720,Male,Masters,0
22,29972,Female,Masters,0
58,53351,Female,Bachelors,1
29,56145,Female,Bachelors,0
43,107948,Male,Bachelors,0
63,109614,Female,Masters,0
51,108116,Female,PhD,0
66,76235,Male,Bachelors,1
31,34855,Female,PhD,0
43,56169,Female,Masters,0
62,66404,Female,Masters,0
44,39569,Female,Masters,1
26,74437,Male,Masters,1
43,68506,Male,PhD,0
64,45738,Female,PhD,1
39,26772,Female,Bachelors,1
64,110410,Female,PhD,1
47,39731,Female,PhD,1
60,30131,Male,PhD,0
65,86324,Male,Bachelors,0
34,74097,Male,PhD,1
43,101720,Female,PhD,1
53,116433,Female,PhD,1
18,22889,Female,Masters,1
25,29569,Male,PhD,1
66,107193,Male,Bachelors,1
52,95677,Male,Bachelors,1
69,105192,Male,Bachelors,0
32,107154,Male,Bachelors,0
64,97470,Female,Masters,1
39,108822,Female,Bachelors,1
31,27612,Female,Masters,0
43,71644,Male,Masters,0
45,52069,Female,Masters,1
40,101741,Female,Bachelors,0
31,47331,Male,Bachelors,0
41,75897,Male,Masters,1
19,33934,Male,Masters,0
62,30095,Female,Bachelors,1
43,111494,Male,PhD,0
31,38706,Female,PhD,1
68,63516,Female,PhD,0
24,117008,Male,Bachelors,0
20,54629,Female,Bachelors,1
64,66910,Male,Masters,0
40,108540,Male,Bachelors,0
63,40431,Female,Bachelors,1
60,76733,Female,Bachelors,0
64,60088,Female,Masters,0
62,64135,Male,Masters,1
35,58015,Female,PhD,1
55,51385,Male,PhD,1
52,90199,Male,Bachelors,1
68,58677,Female,Bachelors,1
32,32818,Female,Masters,1
42,108222,Female,PhD,1
54,83001,Female,PhD,1
45,43977,Male,PhD,0
27,69832,Female,Bachelors,0
56,60931,Male,Bachelors,1
34,103990,Female,Bachelors,0
56,98894,Female,Masters,1
39,92204,Female,PhD,0
43,65784,Male,Masters,0
61,29921,Female,PhD,1
42,54959,Male,Bachelors,0
34,52328,Female,Masters,0
30,28859,Female,Masters,0
37,109506,Male,Bachelors,1
42,94408,Male,PhD,0
21,104766,Female,PhD,0
27,46708,Female,PhD,1
20,38847,Male,PhD,0
58,75989,Female,Bachelors,0
62,112641,Male,Bachelors,0
35,24922,Female,Bachelors,0
64,89928,Male,Bachelors,1
53,72335,Male,Masters,1
64,33541,Male,Masters,1
39,39551,Male,Masters,0
51,39381,Male,Bachelors,1
64,75673,Female,PhD,0
25,42948,Female,Masters,0
57,112264,Female,Masters,1
66,79072,Female,Bachelors,1
61,87560,Female,PhD,1
36,102249,Female,PhD,0
59,22486,Female,PhD,0
58,86691,Female,Bachelors,0
54,30082,Female,PhD,0
23,104105,Male,Masters,1
69,27086,Male,Masters,1
43,87853,Female,Masters,0
51,90027,Male,Bachelors,0
62,35916,Female,PhD,1
23,35248,Male,Bachelors,1
54,88047,Male,PhD,0
50,44226,Male,Bachelors,1
39,45025,Female,Masters,0
38,68380,Female,Bachelors,0
23,27848,Female,Bachelors,0
23,34274,Female,Bachelors,0
65,74545,Male,Masters,1
21,116494,Female,Bachelors,1
47,55233,Male,Bachelors,0
28,36304,Female,Masters,0
47,31294,Male,PhD,0
48,46425,Male,Bachelors,0
41,88711,Male,Masters,0
26,113311,Male,Bachelors,1
20,29425,Female,Masters,0
68,111549,Female,PhD,1
48,113464,Male,PhD,0
57,64990,Female,Bachelors,0
54,93746,Female,Masters,0
53,88295,Male,PhD,0
41,36091,Female,PhD,1
48,20002,Female,Masters,1
23,70411,Female,Bachelors,1
19,60958,Male,PhD,0
37,115696,Female,PhD,1
45,40707,Male,PhD,0
28,35248,Male,Bachelors,0
21,91309,Male,PhD,1
32,98322,Female,Masters,0
23,71720,Female,Bachelors,0
66,35037,Female,PhD,1
47,87421,Male,Masters,1
55,101867,Female,Masters,0
68,60612,Male,Bachelors,1
19,108031,Female,Masters,1
32,33450,Male,Bachelors,1
28,29491,Female,Bachelors,0
25,94804,Female,Bachelors,0
43,113293,Female,Masters,1
68,26791,Male,Bachelors,0
62,48314,Male,Bachelors,0
61,71883,Female,Masters,1
22,114119,Male,Bachelors,1
23,107086,Male,PhD,1
43,85629,Male,Masters,0
21,29967,Female,Masters,0
36,101754,Female,Masters,0
37,63220,Female,PhD,0
50,94163,Male,Bachelors,1
37,24947,Female,Masters,1
66,59419,Male,Masters,1
29,76131,Male,Masters,1
64,108714,Female,PhD,1
18,48876,Female,PhD,0
43,108444,Female,PhD,1
31,39971,Male,Bachelors,0
55,82539,Male,Bachelors,0
54,118120,Female,PhD,1
28,69228,Male,Bachelors,0
53,94495,Female,PhD,0
30,48261,Female,Bachelors,1
60,81260,Female,Bachelors,0
20,101371,Female,PhD,1
50,104793,Female,Masters,1
23,23346,Female,Masters,0
67,116343,Male,Bachelors,0
27,115954,Male,Bachelors,1
22,76176,Female,Bachelors,0
40,72300,Female,Bachelors,1
27,31340,Male,Bachelors,1
61,53012,Male,Bachelors,1
19,55393,Female,PhD,1
30,95133,Female,Masters,1
57,45557,Male,Masters,1
19,84204,Female,PhD,0
37,93273,Male,PhD,1
18,37276,Female,Masters,0
54,74639,Male,Masters,0
26,27310,Female,Bachelors,0
34,55167,Female,Masters,1
26,104880,Female,Bachelors,1
28,30391,Male,Bachelors,0
32,70621,Female,Masters,1
41,30892,Male,Bachelors,0
55,96733,Male,Bachelors,1
52,98586,Male,PhD,1
47,56142,Male,Masters,1
48,65679,Female,PhD,0
66,61615,Female,Bachelors,0
22,67553,Female,Bachelors,0
61,99071,Male,PhD,1
67,61002,Female,PhD,1
31,90658,Male,PhD,0
28,29852,Male,Bachelors,0
26,25387,Male,Masters,0
51,117295,Female,Bachelors,1
29,59994,Male,PhD,0
52,53725,Female,Masters,1
52,92682,Female,PhD,1
18,20560,Female,Bachelors,0
57,76565,Male,Masters,1
39,21312,Female,Masters,1
46,38205,Male,Bachelors,1
25,31595,Male,PhD,1
28,107566,Male,PhD,0
58,41329,Male,PhD,1
54,88187,Female,Bachelors,0
31,95542,Female,PhD,1
47,55645,Female,Masters,0
52,107502,Female,PhD,1
38,113382,Male,PhD,0
54,107310,Male,Masters,1
22,89619,Male,Masters,0
36,53513,Male,PhD,0
31,28749,Female,Masters,0
43,50783,Female,Bachelors,1
21,80645,Male,Masters,1
42,102861,Male,Bachelors,0
62,73175,Male,Masters,1
59,104216,Male,Bachelors,0
42,82709,Female,Bachelors,0
35,37323,Male,PhD,1
57,70762,Female,Masters,1
25,108220,Female,Masters,1
56,84222,Male,Masters,1
57,54493,Male,Bachelors,1
31,78328,Female,PhD,1
49,32213,Female,Masters,0
68,117367,Male,PhD,0
55,66930,Female,PhD,0
50,47713,Male,Bachelors,1
40,92723,Male,Masters,0
32,118336,Female,PhD,1
50,52583,Female,Masters,1
42,99944,Male,Masters,1
34,42369,Male,Masters,0
50,67928,Female,PhD,0
64,88950,Female,Bachelors,1
19,39510,Female,Bachelors,0
31,32120,Female,PhD,1
57,119847,Male,Masters,1
57,118575,Male,Masters,0
68,25295,Male,Bachelors,1
56,40460,Female,PhD,1
68,34963,Female,PhD,1
23,97116,Male,Bachelors,1
23,107822,Female,PhD,0
20,47328,Female,PhD,0
24,104629,Female,Bachelors,1
68,41605,Female,Bachelors,1
25,64813,Female,PhD,1
59,66371,Female,PhD,0
69,67598,Male,Bachelors,0
32,80776,Male,Bachelors,0
64,92258,Male,Masters,0
46,60969,Male,PhD,0
50,56912,Female,PhD,1
69,58374,Male,Bachelors,0
47,92302,Male,Bachelors,0
56,82784,Male,Masters,1
44,69882,Male,Masters,0
53,35928,Female,Bachelors,1
46,41274,Female,PhD,1
55,54416,Male,Masters,0
50,106148,Male,Bachelors,0
54,80998,Female,Bachelors,0
44,49047,Female,Bachelors,0
50,63356,Male,PhD,1
21,57134,Female,Bachelors,1
39,87042,Female,Bachelors,0
19,71310,Male,PhD,1
27,100758,Female,Bachelors,1
22,32363,Male,Bachelors,1
27,105149,Male,Masters,0
50,64563,Female,Bachelors,1
55,50628,Female,PhD,1
30,89672,Female,Masters,1
48,66246,Female,Bachelors,0
64,31161,Female,PhD,1
53,109110,Female,Bachelors,1
62,112438,Male,Masters,1
41,22810,Female,PhD,1
69,79860,Male,Masters,1
32,97199,Female,PhD,1
46,91688,Female,PhD,1
25,85548,Female,Bachelors,0
22,82363,Female,PhD,0
46,31162,Female,PhD,0
64,107858,Male,Bachelors,0
21,93535,Male,PhD,0
29,27219,Male,PhD,0
62,90864,Female,PhD,1
19,23621,Female,PhD,0
44,109792,Female,Bachelors,0
48,64433,Male,Bachelors,0
68,96850,Male,Masters,0
68,86188,Female,PhD,1
53,74951,Male,Bachelors,1
53,101718,Female,PhD,1
43,56558,Female,Bachelors,1
60,35659,Male,Masters,0
44,54413,Male,PhD,1
22,30435,Male,Masters,0
37,73911,Male,Masters,1
28,48067,Female,Masters,0
27,107794,Female,Bachelors,0
57,113823,Male,PhD,1
55,89224,Male,Bachelors,1
23,93225,Male,Bachelors,1
25,21379,Male,PhD,1
40,47624,Female,PhD,1
64,111500,Female,PhD,1
43,108427,Female,PhD,1
63,77745,Female,Bachelors,0
60,71805,Female,PhD,1
29,32516,Female,PhD,0
43,99422,Female,PhD,0
30,105843,Male,Masters,1
57,44843,Female,PhD,0
35,25912,Male,PhD,1
42,41514,Male,Bachelors,0
50,107359,Male,Masters,1
64,77032,Female,Bachelors,1
57,48797,Female,Masters,1
60,26449,Female,Bachelors,1
29,21725,Female,Bachelors,1
61,101406,Male,PhD,0
53,29304,Female,PhD,1
65,93058,Male,Masters,1
21,33663,Female,Masters,0
22,90320,Female,Masters,1
54,95008,Male,PhD,0
25,114488,Male,Bachelors,1
59,95591,Male,Masters,0
66,115044,Female,PhD,1
45,32676,Female,PhD,1
48,45192,Male,Bachelors,0
26,44722,Female,Bachelors,0
68,27446,Male,PhD,0
46,24725,Female,Bachelors,0
31,105597,Male,Bachelors,0
57,108207,Male,PhD,1
58,77632,Female,Masters,1
39,86945,Male,Masters,0
28,93741,Female,PhD,0
40,36365,Female,Masters,0
18,85792,Male,PhD,1
63,84857,Male,PhD,1
54,35704,Female,Bachelors,0
38,70575,Female,Masters,1
43,49902,Male,PhD,0
63,21195,Male,Masters,1
53,73517,Male,Masters,0
40,54012,Female,Masters,0
18,31415,Female,PhD,1
68,59534,Female,Bachelors,1
57,41686,Male,Masters,0
32,97198,Male,PhD,0
38,48743,Female,Masters,1
64,52161,Female,Bachelors,0
26,81313,Male,Masters,0
26,22402,Female,PhD,0
27,83190,Male,Masters,0
69,72551,Male,Masters,0
43,33275,Male,Masters,0
58,48182,Female,Bachelors,1
52,34915,Female,Masters,1
69,20909,Male,PhD,0
42,85908,Male,Masters,0
43,42620,Female,Masters,1
28,54112,Male,Masters,0
55,94051,Female,Bachelors,1
19,22431,Female,PhD,1
24,106590,Female,Masters,0
35,82175,Male,PhD,0
44,52624,Male,PhD,0
51,96121,Male,Bachelors,1
44,81264,Male,PhD,1
34,51958,Female,Masters,0
60,21695,Male,Bachelors,0
61,69932,Female,Bachelors,0
68,119323,Male,PhD,1
41,64225,Male,Bachelors,0
42,21403,Male,PhD,1
24,103346,Male,PhD,0
69,94391,Male,Bachelors,0
23,58636,Female,Masters,1
41,30839,Male,PhD,1
50,85546,Male,Bachelors,1
66,67829,Male,Bachelors,1
46,29230,Male,PhD,1
60,71977,Male,PhD,1
39,60232,Female,PhD,0
43,114792,Male,PhD,1
45,45651,Female,Masters,0
67,117919,Male,Masters,0
38,59963,Female,Masters,0
66,75872,Male,Masters,1
24,99198,Male,Bachelors,1
34,33739,Female,PhD,0
37,83294,Male,Bachelors,0
58,68356,Female,Bachelors,0
66,21789,Male,Masters,1
37,39420,Female,Bachelors,0
39,109297,Female,Masters,1
45,57606,Female,PhD,0
57,58640,Male,Masters,1
66,64135,Female,PhD,1
24,57067,Male,Masters,0
18,78420,Female,Bachelors,1
49,37357,Female,Bachelors,0
30,59851,Female,Masters,0
47,58262,Male,PhD,0
40,96853,Male,PhD,0
68,78643,Male,Masters,0
36,41534,Female,Bachelors,1
49,111270,Male,PhD,0
47,52872,Male,Masters,1
46,27689,Female,PhD,0
66,89103,Female,Bachelors,0
62,106268,Male,PhD,1
46,106310,Male,Masters,0
47,108731,Male,PhD,0
33,57412,Female,PhD,1
57,67734,Female,Bachelors,1
36,107793,Female,Bachelors,0
35,89930,Female,Bachelors,0
18,42228,Female,Bachelors,0
31,97924,Male,Masters,0
68,31319,Male,PhD,0
64,26475,Male,PhD,0
67,117091,Female,PhD,0
19,103694,Female,PhD,0
45,34728,Male,Masters,0
66,49545,Male,Bachelors,1
67,116636,Male,PhD,1
47,101686,Female,PhD,0
55,118750,Female,Bachelors,1
68,118412,Female,Bachelors,1
21,81756,Female,PhD,0
18,88775,Female,Bachelors,1
25,58699,Male,PhD,1
46,56821,Male,PhD,1
56,50615,Female,PhD,1
20,33746,Female,PhD,1
49,106457,Male,PhD,0
27,42745,Female,PhD,0
27,21245,Female,Bachelors,1
36,44853,Male,Masters,1
63,47632,Female,Masters,1
51,32856,Female,PhD,0
50,76893,Male,Bachelors,1
40,90641,Female,PhD,0
45,88049,Female,Bachelors,1
49,78182,Male,PhD,1
67,22801,Male,PhD,0
24,117881,Female,Masters,0
46,99431,Male,Bachelors,0
25,59749,Male,Bachelors,1
18,93757,Female,Masters,1
20,75654,Male,Masters,0
41,91574,Female,Masters,1
40,117567,Male,Masters,0
25,75381,Male,Bachelors,0
64,78601,Female,Bachelors,1
54,35082,Female,Masters,1
20,34648,Female,PhD,1
68,20364,Male,PhD,1
50,54568,Female,PhD,1
45,99646,Female,PhD,1
64,91494,Male,Bachelors,1
25,94632,Male,Bachelors,0
51,27436,Male,Bachelors,0
52,106713,Female,PhD,1
49,46754,Male,Masters,0
41,80194,Male,PhD,0
31,44544,Female,Bachelors,0
49,80180,Male,PhD,0
63,83295,Male,Masters,1
60,32638,Female,Masters,0
33,85715,Male,PhD,0
21,89409,Female,Bachelors,1
69,103106,Female,Bachelors,0
54,37157,Female,Bachelors,0
38,65565,Female,PhD,1
31,89996,Female,Bachelors,0
48,85888,Male,PhD,1
65,76095,Female,Bachelors,1
35,84947,Female,Masters,1
24,107122,Female,Masters,0
27,90880,Female,Bachelors,0
24,24507,Male,PhD,1
50,63988,Male,Bachelors,1
40,118421,Male,PhD,1
38,36865,Female,Masters,0
36,47213,Male,PhD,0
65,75954,Male,Bachelors,1
36,77450,Female,Masters,0
53,24477,Female,PhD,0
46,82222,Male,PhD,1
35,26533,Male,Masters,0
19,69395,Male,Bachelors,0
18,43396,Male,Masters,1
64,32755,Female,Bachelors,0
22,20865,Female,Bachelors,0
37,31173,Female,PhD,0
28,78905,Female,Bachelors,1
59,58097,Female,Bachelors,0
19,53371,Male,Masters,0
20,31254,Female,Masters,0
40,24018,Female,Bachelors,0
29,25192,Male,PhD,0
37,22015,Female,Masters,1
22,88916,Male,PhD,0
54,48343,Female,Masters,1
55,89306,Female,Masters,0
47,25829,Female,Bachelors,1
26,54381,Male,Masters,1
51,101081,Female,Masters,0
61,38263,Male,PhD,1
52,73260,Female,Masters,0
69,63306,Female,Masters,1
39,111211,Male,PhD,0
61,78418,Male,Bachelors,0
41,110898,Female,Bachelors,0
34,20148,Male,Masters,0
27,21754,Female,Masters,1
47,46745,Female,PhD,0
63,92914,Male,Bachelors,0
40,75833,Male,Bachelors,0
49,40140,Male,Bachelors,1
34,94907,Female,PhD,0
67,80653,Male,PhD,1
68,112535,Female,PhD,1
34,81521,Male,Masters,0
31,98315,Male,Bachelors,1
26,51075,Male,Masters,0
57,50697,Male,Masters,1
19,74544,Male,PhD,0
62,29795,Female,Bachelors,0
42,84555,Male,Masters,0
56,72204,Male,Bachelors,1
26,89754,Female,Masters,1
39,84860,Female,PhD,1
60,71529,Female,Masters,1
63,31672,Female,PhD,0
21,74238,Male,Bachelors,0
43,116578,Male,Masters,1
46,55950,Female,Masters,1
62,31009,Male,PhD,1
51,67096,Female,PhD,1
40,39544,Female,Bachelors,0
54,75728,Male,PhD,0
28,49381,Male,Bachelors,0
23,45287,Female,Masters,1
35,84610,Male,Bachelors,1
38,88122,Female,Bachelors,1
59,88184,Female,Bachelors,1
53,60081,Female,Masters,0
58,103637,Female,Masters,0
55,65312,Male,PhD,1
51,107228,Female,Bachelors,0
34,92943,Female,Masters,0
54,102790,Female,Bachelors,0
42,100770,Male,Bachelors,0
55,72726,Female,Bachelors,1
29,42211,Female,Masters,0
40,49480,Male,Bachelors,0
59,67780,Female,Bachelors,0
39,77138,Female,PhD,0
38,110382,Female,Bachelors,1
44,62503,Female,PhD,0
48,77893,Male,Bachelors,0
23,66193,Male,PhD,1
44,81358,Male,Masters,1
57,100857,Female,Masters,1
51,98182,Male,Bachelors,1
29,42117,Male,PhD,1
62,79056,Female,Masters,1
24,78706,Male,Bachelors,0
27,90429,Male,Bachelors,0
62,29476,Male,PhD,1
34,102806,Female,PhD,0
43,75006,Female,Bachelors,0
38,107238,Male,PhD,0
45,89918,Male,PhD,0
63,83155,Female,Masters,0
19,87321,Female,PhD,1
60,65798,Female,Bachelors,0
18,97271,Female,PhD,0
68,50177,Male,Bachelors,1
53,116248,Female,Bachelors,0
68,102215,Male,PhD,0
43,63013,Female,PhD,0
46,102600,Female,PhD,0
38,116099,Female,Masters,0
28,73450,Female,Masters,0
57,118628,Male,PhD,1
28,67928,Male,Bachelors,0
53,112403,Male,PhD,1
66,65382,Female,Masters,1
56,119290,Male,Masters,0
57,105038,Female,PhD,0
52,20760,Female,Bachelors,0
51,44142,Male,Bachelors,1
64,37290,Female,Masters,1
41,91035,Female,Masters,1
39,20364,Male,Masters,0
22,76921,Female,Bachelors,1
50,39797,Female,Masters,0
53,52535,Male,Masters,0
64,66300,Male,Bachelors,1
37,67176,Female,Masters,1
36,36105,Male,Masters,0
52,27939,Female,PhD,1
69,99472,Male,Masters,1
60,62029,Female,PhD,0
34,35863,Male,Masters,1
62,98097,Male,Masters,1
60,30447,Female,PhD,0
51,116160,Male,Masters,0
26,66940,Male,PhD,1
43,97947,Female,Masters,1
19,105001,Male,PhD,1
26,39642,Male,PhD,0
26,116798,Male,Masters,1
57,115899,Female,Masters,0
34,87643,Male,PhD,0
18,27928,Female,Bachelors,0
42,68002,Female,Masters,0
60,104853,Male,Masters,1
57,45017,Female,Bachelors,1
59,99064,Female,Bachelors,1
42,33313,Female,PhD,1
56,21559,Female,Masters,1
52,70893,Male,PhD,0
20,35167,Male,Masters,0
67,100879,Male,Bachelors,1
54,58598,Female,PhD,1
61,27523,Female,Masters,1
61,69777,Male,Masters,1
68,48439,Female,Bachelors,0
47,101060,Male,Bachelors,1
55,33285,Female,Masters,0
51,30973,Male,Bachelors,0
29,42694,Male,Bachelors,1
36,55774,Male,PhD,0
54,24302,Female,Masters,1
61,42391,Male,PhD,0
66,24611,Female,Bachelors,0
34,29372,Female,Masters,0
27,44312,Male,Bachelors,0
66,34080,Male,Bachelors,0
64,100618,Female,Masters,1
29,116213,Female,Bachelors,0
33,40874,Male,PhD,1
41,82537,Male,Masters,1
36,93914,Female,Bachelors,0
25,21597,Male,Bachelors,1
48,31600,Male,Bachelors,0
38,23747,Male,Masters,1
34,99415,Male,PhD,1
40,98553,Female,Bachelors,0
54,44815,Female,Bachelors,1
33,104500,Male,Bachelors,1
23,114348,Male,Masters,1
25,44714,Female,Bachelors,0
42,38890,Female,Bachelors,1
35,81509,Female,Bachelors,1
42,81824,Female,Masters,0
29,24725,Female,PhD,1
32,63205,Male,Masters,0
43,40684,Male,PhD,1
58,111861,Female,PhD,1
62,77911,Female,Masters,1
43,118078,Male,Bachelors,0
64,33092,Female,PhD,1
49,115918,Female,Bachelors,0
27,59770,Male,PhD,0
33,45457,Male,Bachelors,1
24,91667,Male,Bachelors,1
34,110751,Male,Masters,0
40,82894,Female,Bachelors,1
43,81305,Male,PhD,1
38,32612,Female,Bachelors,1
39,98627,Female,Bachelors,1
24,57089,Female,Bachelors,0
31,115295,Female,PhD,1
32,72137,Male,PhD,0
24,20559,Female,PhD,0
26,86249,Female,Bachelors,0
68,57361,Female,Masters,0
65,100720,Male,PhD,0
25,35261,Male,Bachelors,0
67,40372,Male,PhD,0
40,75355,Male,Masters,1
46,117676,Male,Bachelors,1
35,118560,Female,PhD,0
48,77920,Male,PhD,1
47,52544,Female,Masters,1
69,20037,Male,PhD,1
56,63032,Female,Bachelors,1
52,98233,Male,Bachelors,0
35,61420,Female,Masters,1
59,117243,Male,Masters,0
56,111552,Female,Masters,1
34,54600,Female,Bachelors,1
31,68285,Female,Masters,0
48,82008,Female,PhD,0
41,109520,Female,PhD,0
52,25167,Female,Bachelors,1
61,20432,Male,PhD,1
62,89687,Male,Masters,1
51,91947,Female,PhD,0
20,116324,Female,Masters,0
54,70903,Female,PhD,0
60,112159,Female,Bachelors,0
57,74149,Female,Masters,0
43,107640,Female,PhD,1
40,76768,Female,Bachelors,0
61,80184,Male,PhD,0
56,85792,Female,Bachelors,1
32,53439,Female,PhD,0
66,53257,Male,Masters,0
21,64674,Male,Masters,0
46,71248,Female,Masters,0
39,103602,Male,Masters,1
42,65371,Male,Masters,0
30,118282,Male,PhD,1
35,87996,Female,PhD,0
50,57297,Female,PhD,1
33,74273,Male,PhD,1
62,81256,Female,Masters,0
59,54743,Female,Bachelors,1
61,88752,Female,Masters,1
19,99803,Male,PhD,1
52,95117,Male,Masters,0
59,90051,Male,Masters,1
51,42076,Male,Masters,1
47,95312,Female,Bachelors,1
30,107483,Female,Masters,0
30,22963,Female,Masters,0
35,92322,Male,Bachelors,1
49,33866,Male,Masters,1
49,52305,Female,Masters,0
52,82403,Male,Masters,1
56,102896,Male,Masters,0
63,52813,Female,Masters,1
69,86729,Male,PhD,1
46,80686,Male,Masters,0
66,24512,Female,Bachelors,0
46,42666,Male,Masters,1
61,36630,Female,PhD,0
33,94519,Female,Bachelors,1
61,20636,Male,Bachelors,1
64,23775,Female,Masters,0
27,87957,Male,PhD,1
47,84591,Male,Masters,1
42,98561,Male,PhD,0
56,94816,Male,PhD,1
37,31351,Male,Masters,1
22,75184,Male,PhD,1
18,115707,Male,Masters,1
47,89180,Male,PhD,0
66,101678,Male,Bachelors,1
20,93309,Female,Masters,1
62,114002,Female,PhD,1
31,30778,Male,Bachelors,1
47,32501,Male,Bachelors,0
67,22108,Male,Bachelors,0
21,114905,Female,Bachelors,0
35,56382,Female,Masters,1
54,111354,Male,PhD,1
42,95787,Male,Bachelors,0
65,43341,Male,PhD,0
18,97214,Female,PhD,1
63,34367,Male,PhD,0
32,115208,Female,Masters,1
26,89868,Female,Masters,1
32,32002,Male,Bachelors,1
66,105820,Female,PhD,1
41,79949,Male,Masters,1
21,35700,Female,Masters,1
29,99305,Female,Masters,1
54,82543,Male,Bachelors,1
54,49318,Male,Masters,0
60,109859,Female,PhD,0
23,47610,Female,Masters,0
56,92499,Female,Masters,0
63,93374,Male,Bachelors,1
41,85226,Male,PhD,0
28,65167,Male,Masters,0
30,97779,Male,PhD,1
51,47939,Female,PhD,0
42,81365,Female,Masters,0
24,87381,Female,Bachelors,0
69,66710,Female,PhD,0
21,36766,Female,Masters,1
25,32780,Male,PhD,0
37,68458,Male,PhD,0
46,76221,Female,PhD,0
68,21509,Female,Masters,0
62,109493,Female,PhD,1
63,54346,Female,PhD,1
27,102799,Female,Bachelors,0
60,66874,Female,Masters,1
51,46148,Female,Masters,1
43,51533,Female,PhD,1
58,98467,Male,Bachelors,1
66,21359,Female,PhD,0
20,110068,Female,PhD,1
23,80313,Male,Masters,0
22,40344,Male,Bachelors,0
22,89778,Female,PhD,0
64,40601,Male,Masters,0
40,39116,Male,PhD,0
66,76985,Female,PhD,0
26,50782,Male,Bachelors,0
52,69819,Female,Bachelors,0
37,104416,Female,Bachelors,0
66,89035,Female,PhD,0
59,117123,Male,Bachelors,1
52,64458,Male,Masters,1
67,111556,Female,PhD,1
35,28080,Female,Bachelors,0
34,108743,Male,PhD,0
41,53957,Female,PhD,0
20,33908,Male,Masters,0
49,116188,Male,Masters,0
52,115880,Male,Masters,1
55,110570,Male,PhD,1
30,111324,Male,PhD,0
64,98287,Male,Masters,0
42,67482,Female,PhD,1
26,119329,Female,Masters,1
21,118375,Male,Masters,1
31,58314,Male,Bachelors,0
54,94921,Female,Masters,0
51,103768,Female,Bachelors,0
28,35831,Female,Masters,0
58,40125,Female,PhD,1
20,82451,Female,Bachelors,1
45,65708,Female,PhD,0
46,37682,Female,PhD,1
26,102824,Female,Masters,0
20,55794,Male,Masters,1
42,79372,Female,PhD,0
51,59477,Male,Masters,1
29,73863,Female,Masters,1
59,109941,Female,Masters,1
26,58737,Female,PhD,0
32,22620,Female,Bachelors,1
57,55057,Female,Bachelors,0
42,60138,Male,PhD,0
22,99390,Female,Masters,1
28,73024,Male,Masters,0
51,29677,Male,Bachelors,0
41,64111,Female,PhD,0
32,44074,Male,PhD,0
55,37824,Female,Masters,1
25,20765,Female,Masters,0
22,65439,Female,Masters,1
65,117151,Male,PhD,0
43,68926,Female,Bachelors,0
35,56860,Male,PhD,0
23,32975,Female,PhD,0
54,94877,Female,PhD,0
65,113677,Male,Bachelors,0
30,97870,Male,Masters,0
45,101371,Male,Masters,0
22,46548,Male,PhD,0
30,110575,Male,PhD,1
34,118066,Male,Bachelors,1
67,58736,Female,Bachelors,0
57,81562,Male,Masters,0
62,60409,Female,PhD,0
49,104101,Female,Bachelors,1
46,29834,Female,Bachelors,1
68,20840,Female,PhD,1
20,99409,Female,PhD,0
57,51568,Male,PhD,0
51,30846,Female,PhD,1
57,25899,Female,PhD,0
44,106038,Female,PhD,0
30,86101,Male,Bachelors,1
62,58773,Male,PhD,0
50,94723,Male,Masters,1
23,92762,Male,PhD,1
41,24311,Female,Masters,0
36,76888,Male,Masters,1
33,61616,Female,Masters,0
57,72134,Male,PhD,1
45,111225,Male,PhD,0
50,26083,Male,Masters,0
65,32598,Male,PhD,0
58,102476,Female,Bachelors,0
30,112416,Male,Bachelors,1
60,22580,Female,Bachelors,1
62,77395,Female,Bachelors,0
42,62321,Female,PhD,0
59,29386,Female,Masters,0
53,73171,Female,PhD,1
44,39522,Female,Bachelors,1
55,85532,Female,PhD,0
24,111760,Male,PhD,1
22,34635,Female,Bachelors,0
60,20671,Male,Masters,1
62,53545,Male,PhD,0
68,74079,Female,PhD,0
48,46855,Female,Bachelors,0
40,55790,Male,Masters,1
59,71012,Male,Bachelors,0
27,34260,Female,Bachelors,1
49,85139,Female,PhD,1
60,21074,Male,Masters,0
47,62676,Male,Bachelors,0
56,29475,Female,PhD,0
48,98414,Male,Bachelors,1
35,35120,Male,PhD,1
53,43147,Female,Masters,1
19,21986,Male,Bachelors,1
31,52430,Female,Masters,1
30,75479,Female,Masters,1
46,102966,Female,PhD,1
29,22176,Male,Bachelors,0
56,104258,Female,Bachelors,0
19,104153,Male,PhD,0
49,81918,Female,PhD,1
30,47115,Female,Masters,0
63,97442,Male,Bachelors,1
44,60002,Male,Bachelors,1
66,77124,Male,PhD,1
58,26610,Female,PhD,1
34,69752,Male,PhD,0
57,98947,Female,Bachelors,1
48,94716,Male,Bachelors,0
51,67993,Female,Masters,1
41,30073,Female,PhD,0
62,57251,Female,Masters,1
52,116496,Female,Bachelors,1
65,91437,Male,Masters,0
23,58897,Male,Masters,0
36,70906,Female,Masters,0
47,71616,Female,PhD,1
24,24482,Male,Bachelors,1
27,110964,Male,PhD,1
58,92936,Male,Masters,0
49,59574,Male,PhD,0
51,63284,Male,Bachelors,0
45,92932,Male,Bachelors,1
32,27338,Female,Masters,1
47,62718,Male,Masters,0
54,32500,Male,PhD,1
46,31545,Female,Bachelors,1
39,81480,Male,Bachelors,1
21,25241,Male,PhD,0
37,109314,Male,Bachelors,0
49,42821,Female,Masters,0
53,24695,Male,Masters,1
67,97066,Female,PhD,0
21,34318,Male,PhD,0
44,70934,Female,PhD,1
34,42331,Male,Masters,1
29,72672,Male,PhD,1
39,111891,Male,Bachelors,1
34,96860,Female,PhD,0
27,113685,Male,Bachelors,1
18,88754,Male,Masters,1
39,105677,Female,Bachelors,1
43,22837,Female,Bachelors,1
35,60077,Female,Bachelors,1
67,99915,Male,Masters,1
31,24239,Female,Bachelors,0
64,106348,Male,Bachelors,0
46,49669,Female,PhD,0
29,68624,Female,PhD,0
53,95147,Male,PhD,1
52,24150,Male,Bachelors,1
69,31109,Male,Bachelors,1
29,119750,Male,Masters,0
24,46016,Female,Bachelors,1
46,31936,Female,Bachelors,1
28,31036,Female,Masters,1
50,59236,Male,Bachelors,1
23,34021,Male,Masters,0
64,56943,Female,Masters,1
32,101007,Female,PhD,1
49,70016,Male,Bachelors,1
68,43244,Female,PhD,0
28,83027,Female,Bachelors,1
40,58985,Female,PhD,1
43,21502,Male,Masters,1
51,73836,Female,Masters,1
63,119714,Male,Masters,1
51,23770,Female,Masters,1
46,62865,Male,Bachelors,1
21,73811,Female,Bachelors,0
34,24001,Female,PhD,0
52,80848,Female,Bachelors,1
30,72635,Male,Bachelors,1
58,40946,Female,PhD,0
56,86134,Female,Masters,0
32,115852,Male,PhD,0
46,111103,Male,PhD,0
46,112044,Female,Masters,1
28,63744,Female,PhD,1
69,59159,Female,PhD,1
49,115812,Female,PhD,1
19,43671,Female,Bachelors,1
64,36450,Male,Masters,0
31,34908,Female,Masters,0
37,77275,Male,PhD,0
39,64358,Male,Bachelors,0
28,69047,Female,Masters,0
44,55518,Male,Masters,1
20,77813,Female,PhD,0
34,116748,Male,PhD,0
61,26806,Male,PhD,1
45,60891,Female,Masters,1
46,103551,Female,PhD,1
38,59220,Male,PhD,1
64,37158,Female,PhD,1
33,100992,Female,Bachelors,0
54,47588,Male,PhD,1
37,82576,Male,Masters,1
23,108027,Male,PhD,0
36,44188,Female,Masters,0
22,112615,Female,Bachelors,1
20,78830,Female,Bachelors,1
18,24019,Male,PhD,0
55,32419,Female,Masters,1
32,53697,Male,PhD,1
51,104932,Male,PhD,1
52,115428,Male,Masters,1
66,27973,Male,Masters,1
42,106649,Male,Masters,0
41,31136,Male,Masters,0
29,104739,Male,Masters,1
35,82502,Female,Bachelors,1
32,51285,Male,Bachelors,0
61,43039,Female,Bachelors,0
33,86720,Female,Masters,0
44,108263,Female,Masters,1
25,79155,Female,Masters,0
63,36911,Female,PhD,1
42,20916,Male,Bachelors,1
34,79052,Female,Bachelors,1
46,89110,Female,PhD,1
25,37790,Female,PhD,1
32,103161,Male,Bachelors,0
44,25206,Female,Masters,0
63,105053,Female,Bachelors,0
67,69950,Female,Masters,0
69,76361,Female,Bachelors,1
24,81451,Male,Bachelors,0
20,57696,Female,PhD,0
46,101641,Male,PhD,0
61,88226,Male,Masters,0
41,66728,Female,Masters,0
20,75401,Female,Bachelors,0
37,86226,Male,PhD,1
63,45103,Female,Masters,1
32,54263,Female,Masters,0
42,96621,Female,Masters,1
47,70044,Male,Bachelors,1
31,77730,Male,Masters,1
24,45825,Female,Masters,1
34,96256,Female,PhD,1
61,57271,Male,PhD,0
37,97256,Male,PhD,1
53,66732,Male,Bachelors,1
26,86433,Male,PhD,0
55,102630,Male,PhD,1
65,43572,Male,PhD,1
39,58546,Male,PhD,0
19,35150,Female,Masters,1
41,74165,Male,Bachelors,0
25,83690,Male,Masters,1
28,73664,Female,Masters,1
30,102335,Female,Bachelors,0
34,95199,Female,Masters,1
25,56948,Male,PhD,0
38,57030,Male,Bachelors,1
35,47007,Female,Masters,1
47,111207,Female,Masters,1
35,110921,Female,PhD,1
63,96772,Male,Masters,0
64,42024,Female,Masters,1
48,59384,Male,Masters,1
55,102912,Male,Bachelors,0
49,38157,Male,Bachelors,0
28,105481,Male,Masters,0
62,108553,Female,Masters,1
42,21756,Female,PhD,0
50,88112,Female,Bachelors,0
55,111003,Male,Bachelors,0
58,116741,Female,Bachelors,0
25,78051,Male,Masters,1
28,84595,Male,PhD,1
39,98210,Male,PhD,1
68,63094,Female,Masters,0
41,107889,Male,Masters,0
58,115385,Male,PhD,0
34,24535,Female,PhD,1
29,76035,Female,Bachelors,0
63,67367,Female,Masters,0
49,37118,Male,Bachelors,1
32,79812,Male,PhD,1
33,79884,Female,Bachelors,1
39,86168,Male,PhD,1
45,33280,Male,PhD,1
37,34746,Female,Bachelors,0
50,73251,Female,Masters,0
27,104821,Female,Bachelors,0
57,103583,Female,Bachelors,1
49,30207,Female,Masters,1
67,91127,Female,Masters,1
50,47757,Female,Bachelors,1
19,36226,Female,PhD,0
50,115268,Male,Bachelors,0
50,81407,Male,PhD,0
58,47206,Male,Masters,0
30,40256,Male,Masters,0
47,53822,Male,PhD,0
50,61340,Male,Bachelors,0
30,72234,Male,Masters,0
69,63351,Male,PhD,1
43,68671,Male,PhD,0
39,95320,Male,Bachelors,0
56,55157,Male,PhD,1
19,39937,Female,PhD,1
55,74290,Male,Bachelors,0
56,66707,Female,Masters,0
43,31219,Male,Masters,1
63,29399,Female,Masters,1
67,118848,Male,PhD,1
32,47657,Female,PhD,0
51,40047,Male,Bachelors,1
59,96095,Female,PhD,0
61,105693,Male,PhD,1
66,92154,Female,Masters,0
57,64891,Male,PhD,1
28,26780,Female,PhD,0
20,47050,Female,PhD,1
23,93551,Female,Bachelors,1
26,88666,Female,PhD,0
23,113619,Female,Bachelors,0
26,102016,Female,Masters,0
56,73010,Female,PhD,1
48,58165,Female,Bachelors,1
49,31528,Male,Masters,1
58,69608,Male,PhD,1
67,25914,Male,Bachelors,1
29,57136,Female,Bachelors,0
25,31179,Female,Masters,0
25,106008,Male,PhD,1
67,32076,Male,PhD,1
45,44783,Female,PhD,0
37,66716,Female,Bachelors,1
64,70298,Male,PhD,0
24,74304,Female,Bachelors,0
28,99360,Male,Bachelors,0
37,89835,Female,Masters,0
33,28118,Male,Bachelors,0
21,96292,Male,Masters,1
23,76911,Female,Masters,0
39,93489,Male,PhD,1
43,35185,Female,Masters,0
20,61792,Female,PhD,1
58,100210,Female,Masters,0
59,70613,Female,Bachelors,1
31,53927,Female,PhD,1
28,20386,Male,Bachelors,0
35,112153,Female,PhD,0
29,92728,Female,Bachelors,0
40,96281,Male,Masters,1
29,50020,Female,PhD,0
30,62678,Male,PhD,0
42,106695,Female,PhD,1
62,81394,Male,Masters,0
68,88945,Female,Bachelors,0
36,76414,Female,Masters,1
63,74816,Female,Masters,0
53,75918,Female,Masters,1
62,111281,Female,Bachelors,0
25,82694,Male,Masters,1
46,49455,Male,PhD,1
49,58735,Female,Masters,0
68,114702,Male,Bachelors,1
61,113608,Female,PhD,0
35,32109,Female,Bachelors,1
23,65802,Female,Masters,1
35,88020,Male,Bachelors,0
36,54622,Female,PhD,0
39,22597,Male,Bachelors,0
54,60597,Female,PhD,1
49,60954,Female,PhD,0
58,89519,Male,Masters,1
20,76115,Female,Masters,1
45,63151,Male,PhD,0
27,37040,Female,Bachelors,1
68,64772,Female,PhD,0
52,116090,Female,Masters,1
46,83832,Male,Bachelors,0
32,47916,Female,PhD,1
50,64871,Male,Masters,1
24,46372,Female,PhD,0
29,81707,Female,PhD,1
66,59080,Male,PhD,1
47,62722,Female,Bachelors,1
38,49048,Female,Masters,1
48,105205,Male,Masters,1
41,29777,Male,PhD,0
37,74711,Male,PhD,0
54,56331,Female,PhD,1
21,40968,Male,Bachelors,0
45,73969,Male,Masters,0
61,31292,Female,PhD,1
37,60794,Male,Masters,0
41,99459,Male,PhD,1
67,70192,Female,Masters,0
66,47703,Male,PhD,1
68,104193,Female,Bachelors,1
49,89165,Male,PhD,1
58,87650,Male,PhD,1
53,76516,Female,PhD,0
51,119981,Male,PhD,0
53,111110,Female,PhD,1
19,117885,Male,Masters,0
32,42257,Male,Masters,1
51,103509,Female,Bachelors,1
53,111273,Female,PhD,0
23,71672,Male,Masters,1
56,83308,Male,Masters,1
59,97583,Male,PhD,0
68,42113,Female,PhD,1
68,20694,Female,Bachelors,1
29,35588,Male,Bachelors,0
20,81756,Male,Masters,0
62,84085,Male,Bachelors,1
35,81142,Female,Masters,0
57,84373,Male,Bachelors,0
38,105603,Female,PhD,0
32,26704,Female,Bachelors,0
50,60136,Male,Masters,0
52,87507,Female,Bachelors,0
43,67361,Female,Masters,1
25,78847,Male,Masters,1
53,31441,Male,Bachelors,0
65,117012,Male,Bachelors,0
47,34677,Male,Masters,0
40,47818,Male,PhD,1
59,21868,Male,Bachelors,1
61,103591,Male,Masters,1
31,87264,Female,PhD,1
31,93168,Male,Masters,0
19,32043,Male,Bachelors,0
54,91939,Male,Masters,0
22,35732,Male,Masters,0
55,75244,Male,Masters,0
62,38526,Male,Bachelors,1
58,29340,Female,PhD,0
64,42394,Male,PhD,1
31,118557,Female,PhD,0
56,24102,Male,PhD,0
42,39159,Female,Bachelors,1
37,85092,Female,Masters,1
19,26212,Female,PhD,0
56,117360,Male,PhD,1
23,57405,Male,Bachelors,1
34,97061,Male,Masters,1
42,114296,Male,Masters,0
45,75186,Male,PhD,0
19,64239,Male,PhD,0
52,112993,Female,Masters,1
54,30532,Female,Bachelors,1
22,99054,Female,Masters,0
18,92012,Male,Masters,0
57,105279,Male,PhD,1
29,86540,Female,Bachelors,0
53,23271,Male,Bachelors,0
62,65482,Male,Bachelors,1
40,20209,Male,PhD,1
64,110999,Female,Bachelors,0
48,25539,Female,Bachelors,1
28,39977,Male,PhD,1
27,94142,Female,Masters,0
20,119588,Female,Bachelors,1
31,88684,Male,Masters,1
33,119072,Male,Bachelors,0
27,25607,Female,Masters,1
46,105122,Female,Masters,1
27,114786,Male,PhD,0
29,71939,Male,PhD,1
47,38594,Male,Bachelors,0
58,78382,Female,Bachelors,0
18,27399,Female,PhD,1
22,45117,Male,Bachelors,0
37,118662,Male,Bachelors,0
25,53617,Male,PhD,1
60,27498,Male,Masters,0
29,70624,Female,Bachelors,0
18,29628,Male,PhD,1
37,20329,Male,Bachelors,0
45,58619,Female,Bachelors,0
60,27032,Male,PhD,1
54,68094,Female,PhD,1
64,58034,Female,Bachelors,0
54,106158,Female,Bachelors,0
29,75264,Male,Masters,0
54,114120,Female,Masters,1
66,67850,Male,PhD,0
66,24722,Female,Bachelors,1
61,37772,Female,PhD,0
45,106105,Female,PhD,0
64,61679,Male,Bachelors,1
32,88771,Male,Masters,0
23,24576,Female,PhD,1
61,46707,Male,PhD,1
37,119404,Female,Bachelors,0
67,61632,Female,Masters,0
31,61476,Female,Masters,1
19,50285,Female,Bachelors,1
26,44154,Male,PhD,1
54,40054,Female,Bachelors,0
37,37165,Male,Bachelors,0
43,34439,Female,Masters,0
46,64518,Female,PhD,0
18,108051,Female,PhD,1
52,46962,Female,Masters,1
23,73934,Female,PhD,1
54,57763,Male,PhD,0
22,84094,Male,Bachelors,0
50,39464,Female,Bachelors,0
66,62036,Male,Bachelors,1
68,115949,Male,PhD,1
31,53270,Female,PhD,1
29,62299,Female,PhD,1
59,105805,Female,PhD,0
37,51541,Female,Masters,0
67,93545,Male,Masters,0
41,102543,Male,PhD,1
60,111998,Male,Bachelors,1
51,97078,Male,Bachelors,1
42,102970,Female,Masters,1
67,49765,Female,Masters,0
46,43769,Female,PhD,0
56,108001,Female,PhD,1
48,107404,Male,PhD,0
64,40156,Male,PhD,1
60,105836,Female,PhD,1
67,70481,Male,Bachelors,1
40,33435,Male,Bachelors,1
61,89650,Female,PhD,1
55,66336,Male,Bachelors,0
37,56135,Female,PhD,0
40,93631,Male,PhD,0
62,57909,Male,Masters,0
69,89487,Female,Bachelors,0
33,41468,Female,Bachelors,0
67,112609,Female,Masters,1
59,67655,Male,Bachelors,1
25,54341,Female,Masters,0
67,84182,Male,Bachelors,1
38,71786,Female,PhD,1
18,88304,Male,Masters,1
25,66514,Female,PhD,0
46,53979,Female,PhD,0
49,110887,Male,Bachelors,0
55,100981,Male,Masters,1
22,75107,Female,PhD,0
64,21160,Male,PhD,0
39,107897,Female,Masters,0
64,92577,Male,Bachelors,1
51,104303,Male,PhD,0
18,30846,Female,Bachelors,0
43,39924,Female,Masters,0
60,33882,Male,Bachelors,1
27,100274,Male,Masters,0
47,106555,Male,Bachelors,0
67,21095,Male,Bachelors,1
35,60983,Female,PhD,0
34,34123,Female,Bachelors,0
43,113668,Male,PhD,0
25,86615,Female,Masters,0
64,115193,Male,Masters,1
57,65278,Male,PhD,1
66,117911,Male,Bachelors,1
29,110290,Female,Masters,0
44,71999,Male,Masters,0
25,51153,Female,Masters,0
42,38344,Female,PhD,0
63,119777,Male,Masters,1
21,57656,Female,Masters,0
50,90515,Male,Masters,1
18,21212,Male,Masters,0
36,29001,Female,PhD,0
48,98784,Male,PhD,1
33,118723,Female,Bachelors,0
31,101144,Female,Masters,0
65,56427,Female,PhD,0
22,51368,Male,Bachelors,0
58,90819,Female,Bachelors,1
43,81160,Male,Masters,0
45,45854,Male,Bachelors,1
19,30715,Female,PhD,1
67,101701,Female,Bachelors,0
23,78784,Male,Bachelors,0
26,119644,Female,PhD,1
50,46797,Female,Bachelors,1
58,67573,Female,Bachelors,0
42,96120,Male,Bachelors,0
65,34780,Female,Bachelors,1
30,57905,Male,Masters,0
26,41573,Male,Masters,0
30,53359,Female,PhD,1
48,86062,Female,Bachelors,0
58,93391,Male,PhD,1
28,63463,Male,Masters,0
21,119596,Female,Bachelors,1
51,115018,Male,Bachelors,1
55,36571,Female,Masters,1
63,117276,Male,Bachelors,1
21,39142,Female,Bachelors,1
55,45104,Male,Masters,0
36,28625,Female,PhD,0
23,59199,Female,PhD,1
51,35926,Male,Bachelors,1
35,51218,Female,Masters,1
30,64472,Male,PhD,1
58,111916,Male,PhD,1
40,40566,Male,Bachelors,0
36,76125,Male,PhD,1
62,53205,Female,Masters,0
28,49717,Male,PhD,1
18,69984,Male,Masters,1
41,45135,Male,Masters,0
24,48164,Female,Bachelors,1
42,94489,Male,PhD,1
38,58562,Female,Bachelors,0
32,89110,Female,PhD,0
18,40169,Male,Bachelors,1
29,79858,Female,Bachelors,0
24,41604,Male,Bachelors,1
32,109670,Female,PhD,0
38,108738,Female,Bachelors,1
36,20684,Male,Masters,0
46,28007,Female,PhD,1
42,61787,Male,Masters,0
50,69582,Female,Bachelors,0
66,94791,Male,Bachelors,1
49,117798,Male,Masters,1
66,103629,Male,Bachelors,1
52,25782,Male,PhD,0
61,86770,Female,Masters,1
55,77645,Male,PhD,1
43,119724,Male,PhD,0
28,51996,Male,PhD,0
52,49204,Male,Bachelors,1
25,37152,Female,Bachelors,1
63,75186,Male,Masters,0
31,110555,Female,Masters,0
27,105024,Male,PhD,1
19,39689,Male,Bachelors,0
63,70690,Male,Bachelors,0
26,114042,Male,Bachelors,1
20,103251,Male,Masters,1
38,77320,Male,Bachelors,1
43,84226,Female,PhD,0
25,76091,Female,PhD,1
65,99301,Male,PhD,0
19,41942,Male,Bachelors,0
23,58712,Male,PhD,0
45,85277,Female,PhD,0
46,69632,Male,Masters,1
43,58031,Female,Masters,0
42,40478,Female,Bachelors,1
29,42551,Female,Bachelors,0
22,68068,Female,Bachelors,0
51,113608,Female,Bachelors,1
65,55561,Male,Bachelors,1
54,22892,Female,Masters,1
32,119502,Female,Masters,1
61,44395,Male,Masters,1
53,38756,Male,PhD,1
32,107710,Female,PhD,0
60,54651,Male,Masters,1
65,86333,Male,Masters,0
40,93745,Male,Bachelors,0
23,69306,Female,Masters,1
63,41346,Female,Bachelors,0
67,48024,Male,Masters,0
61,114950,Male,Bachelors,1
60,60818,Female,Masters,1
62,25947,Female,Bachelors,0
38,95153,Male,PhD,1
40,106240,Female,PhD,1
60,114238,Female,Bachelors,0
33,87428,Male,Bachelors,1
64,49754,Male,PhD,1
32,83355,Female,Masters,1
42,78241,Female,Bachelors,0
53,88960,Female,Masters,0
28,33418,Male,PhD,1
68,115422,Male,PhD,1
32,108593,Male,Bachelors,1
21,75184,Male,Masters,0
38,24833,Female,PhD,0
30,95430,Male,Masters,1
39,61833,Male,PhD,1
36,20565,Female,Bachelors,0
51,60180,Male,Masters,1
31,38402,Female,Masters,1
21,62845,Male,Bachelors,0
65,95851,Female,Bachelors,1
69,32834,Female,Bachelors,1
63,87850,Female,Bachelors,0
44,57180,Male,PhD,1
46,23883,Female,Masters,0
64,95587,Male,PhD,0
45,31695,Male,Bachelors,0
52,43123,Male,PhD,1
25,78481,Male,PhD,1
33,93438,Male,Masters,1
59,37573,Male,Masters,1
53,114910,Female,Masters,0
47,76494,Female,Bachelors,0
35,32288,Male,Bachelors,0
19,66978,Male,Masters,1
66,92420,Male,PhD,0
30,96095,Male,Masters,0
21,74672,Male,Bachelors,1
43,81821,Female,PhD,1
42,103661,Female,Bachelors,0
47,89224,Male,Masters,1
28,109405,Male,Masters,1
24,74796,Female,PhD,1
48,64706,Male,Masters,0
61,24023,Male,Bachelors,0
27,102636,Male,Bachelors,0
56,56735,Female,Bachelors,0
30,92959,Female,PhD,0
48,59218,Male,Bachelors,0
24,32213,Female,Masters,0
66,118694,Female,PhD,0
59,48460,Male,Bachelors,1
59,84680,Female,Bachelors,1
53,51017,Female,Masters,0
37,118536,Female,Masters,1
21,112038,Female,PhD,1
24,50990,Female,Bachelors,0
18,39515,Female,Bachelors,0
61,49991,Male,Masters,0
62,27634,Male,PhD,1
59,97034,Male,Masters,1
64,96452,Female,Masters,0
30,49377,Male,PhD,0
39,53001,Female,Bachelors,1
38,21391,Female,Bachelors,0
39,85206,Male,Bachelors,0
45,62215,Female,PhD,1
26,99720,Male,PhD,1
43,47114,Female,PhD,0
26,31882,Male,PhD,1
32,37273,Male,PhD,1
27,65647,Male,Masters,0
41,102665,Male,Bachelors,0
59,84892,Female,PhD,0
25,62679,Male,Bachelors,0
41,20427,Female,PhD,0
33,116952,Male,Bachelors,0
66,86267,Male,Masters,0
43,20799,Male,Bachelors,1
44,75659,Female,Bachelors,0
54,114409,Male,PhD,1
21,27025,Male,Bachelors,0
67,34481,Female,Masters,0
41,45411,Male,Masters,0
36,116894,Female,Masters,0
53,34961,Male,PhD,0
56,41767,Male,PhD,0
27,71690,Male,PhD,1
42,72870,Female,PhD,0
35,56135,Male,PhD,0
36,84514,Male,Masters,0
53,106928,Male,Bachelors,1
27,98798,Female,Masters,1
50,90765,Female,PhD,0
67,43772,Female,Masters,0
22,38799,Female,Bachelors,0
64,43555,Female,PhD,0
66,112152,Female,Masters,0
52,39333,Male,Masters,1
61,24261,Male,Bachelors,0
51,89002,Male,PhD,1
50,66553,Male,PhD,1
38,23088,Male,Bachelors,0
34,65783,Female,Bachelors,1
39,21115,Female,Bachelors,0
65,90114,Female,Bachelors,1
54,88126,Male,PhD,0
32,92908,Female,PhD,0
52,89109,Male,Masters,0
45,22978,Female,Masters,0
24,29422,Male,Masters,1
49,63626,Female,PhD,1
28,109233,Male,PhD,1
27,76174,Female,PhD,0
26,116356,Male,Masters,0
31,57743,Female,Bachelors,1
30,90461,Male,Bachelors,0
42,77199,Male,Bachelors,0
19,49430,Male,Bachelors,1
52,48834,Male,Bachelors,0
24,44435,Female,PhD,1
38,107212,Female,Masters,0
35,75797,Female,Bachelors,0
20,63554,Male,Bachelors,1
59,74555,Female,Bachelors,1
56,105350,Male,PhD,1
58,34716,Female,Bachelors,1
66,80261,Male,Masters,1
28,47528,Female,PhD,0
56,21995,Male,PhD,1
41,42414,Male,PhD,0
63,33844,Female,Bachelors,0
36,56659,Female,Bachelors,1
21,35522,Female,Bachelors,1
43,94034,Male,Bachelors,0
55,62322,Male,Masters,1
59,87638,Male,PhD,1
49,28524,Female,Bachelors,0
56,50846,Male,Masters,0
62,93643,Female,PhD,1
63,80096,Male,PhD,0
53,103804,Female,PhD,0
57,67703,Male,Bachelors,0
54,44399,Male,PhD,0
50,95160,Female,Bachelors,0
53,112662,Male,Masters,0
20,108667,Male,PhD,0
26,68591,Female,Masters,0
25,40714,Male,Bachelors,0
50,55877,Female,Bachelors,0
23,104106,Female,Bachelors,1
58,98018,Male,PhD,1
56,119854,Male,PhD,1
21,79136,Male,Masters,0
30,53414,Female,Bachelors,0
66,106576,Male,Masters,0
19,98943,Female,Bachelors,0
22,65468,Male,Bachelors,0
61,118841,Male,Masters,1
44,99702,Female,Bachelors,0
49,92108,Male,Masters,1
38,118538,Male,PhD,1
25,112508,Male,Masters,1
55,66835,Male,Masters,0
25,83333,Male,Bachelors,1
67,62464,Female,Masters,0
20,42923,Male,PhD,0
61,81855,Female,PhD,1
20,87445,Male,PhD,1
39,118384,Male,PhD,1
23,87619,Female,Masters,0
19,66146,Male,PhD,0
40,80032,Male,Masters,1
61,37140,Female,Masters,0
19,22670,Female,Bachelors,0
55,56519,Male,Masters,0
34,64512,Female,Masters,1
52,77811,Female,Bachelors,1
51,34691,Female,PhD,1
40,54262,Female,PhD,0
47,74892,Male,Masters,1
69,45595,Male,Bachelors,0
25,77207,Female,Masters,0
39,53440,Male,Masters,0
61,28630,Female,PhD,0
53,51250,Male,Bachelors,1
22,114334,Male,Masters,1
30,118748,Female,PhD,0
46,97518,Female,Masters,1
48,94191,Male,PhD,1
64,84791,Male,Bachelors,1
33,104118,Male,Masters,1
59,83753,Female,Bachelors,1
47,80520,Male,PhD,1
33,24008,Female,Bachelors,1
29,64464,Female,Bachelors,1
34,20496,Female,Bachelors,1
33,119767,Male,Masters,1
29,43212,Female,PhD,1
25,40637,Male,Bachelors,0
37,65227,Female,Masters,0
20,102413,Male,PhD,1
33,103346,Male,PhD,1
47,29884,Female,PhD,1
62,88259,Female,Bachelors,1
40,69810,Male,Bachelors,0
45,24761,Male,Bachelors,0
68,93166,Female,PhD,1
57,36375,Female,PhD,0
22,45218,Male,Bachelors,1
37,50565,Male,Bachelors,0
57,52975,Female,PhD,1
61,47073,Male,PhD,0
18,89726,Female,Masters,0
47,21883,Female,Masters,0
38,88422,Female,Bachelors,1
37,69629,Female,PhD,0
23,84170,Male,PhD,1
39,94489,Female,Masters,0
35,28381,Female,PhD,0
25,43238,Male,Bachelors,1
56,33795,Male,Masters,1
49,115964,Female,PhD,1
50,82999,Female,PhD,0
33,69907,Female,Bachelors,1
29,29638,Female,PhD,1
55,90467,Female,Masters,1
69,62623,Female,Masters,0
51,58492,Male,PhD,1
31,46411,Male,PhD,1
53,40534,Female,PhD,0
50,49181,Male,PhD,1
40,39996,Male,Masters,0
67,92089,Female,Bachelors,1
62,103609,Male,Masters,1
19,92666,Male,PhD,1
58,49405,Female,PhD,1
38,91325,Female,Masters,0
19,48930,Female,Masters,0
44,37529,Male,PhD,0
26,73546,Female,Masters,0
18,27942,Male,PhD,0
28,27548,Female,Masters,0
20,38296,Female,PhD,1
69,71016,Female,Masters,1
40,117780,Female,PhD,1
43,20296,Male,Bachelors,0
21,87945,Male,Bachelors,1
35,79980,Female,Masters,0
23,76782,Male,Bachelors,0
52,54229,Female,PhD,1
39,116382,Female,Masters,1
60,73444,Male,Masters,0
32,55036,Male,PhD,0
39,59322,Female,PhD,0
54,47167,Female,PhD,1
69,71667,Female,Masters,0
59,114527,Male,PhD,0
29,103337,Female,Bachelors,1
64,71468,Female,Masters,0
66,92894,Female,PhD,1
59,73084,Female,Masters,0
55,83138,Female,Bachelors,1
35,42588,Female,Bachelors,0
62,82901,Male,PhD,1
52,37671,Female,Masters,0
47,103038,Female,PhD,0
41,110664,Male,Masters,1
59,51645,Male,PhD,1
47,27637,Female,PhD,0
31,20660,Male,Masters,0
23,26922,Female,Masters,0
20,113697,Male,Bachelors,0
33,64721,Male,Bachelors,0
24,77256,Female,Masters,0
69,89506,Male,Bachelors,0
31,88943,Female,Bachelors,1
26,47843,Male,Masters,0
32,29046,Female,Masters,1
38,109336,Male,Masters,0
52,83985,Female,PhD,0
19,100083,Female,Masters,1
44,116925,Female,Masters,0
19,50346,Female,Masters,1
52,108284,Male,Bachelors,0
35,111384,Female,Masters,0
31,73526,Male,Bachelors,0
37,93143,Male,PhD,0
35,56787,Female,Masters,1
27,53583,Female,Masters,1
42,32563,Male,Bachelors,1
19,66060,Male,PhD,0
42,53690,Male,Masters,1
50,114712,Female,PhD,0
53,34925,Female,PhD,1
48,106787,Male,Masters,0
31,103184,Male,PhD,1
18,40108,Male,PhD,1
63,96515,Female,Masters,1
33,88258,Male,Bachelors,1
63,25355,Male,Masters,0
69,66069,Male,PhD,1
20,114335,Male,Masters,1
52,74471,Female,Bachelors,1
58,52705,Male,PhD,1
23,63909,Female,PhD,0
42,108606,Female,Bachelors,0
30,73739,Male,Bachelors,0
51,96820,Female,PhD,1
25,107273,Male,Bachelors,1
38,43241,Male,Masters,0
51,47414,Male,Bachelors,0
21,70818,Male,Masters,0
42,40895,Male,PhD,0
32,112307,Female,PhD,0
21,82409,Female,PhD,1
62,75324,Male,PhD,1
29,86920,Female,PhD,0
49,73555,Male,Bachelors,1
49,85453,Female,Bachelors,1
45,42689,Female,PhD,0
30,84356,Male,Bachelors,0
48,113011,Female,Bachelors,0
31,28252,Female,PhD,0
37,50844,Female,Bachelors,1
35,115687,Male,PhD,1
46,43365,Female,PhD,1
23,26026,Female,PhD,1
49,118303,Female,PhD,0
46,48523,Female,Bachelors,1
60,30482,Female,Bachelors,0
19,68888,Female,Masters,1
40,70110,Female,Masters,1
36,110644,Female,PhD,0
48,20493,Female,Masters,0
68,76194,Male,Bachelors,0
22,102001,Female,Bachelors,1
36,59767,Female,Masters,0
51,49550,Female,Masters,1
27,33833,Female,Bachelors,1
42,22970,Female,Masters,0
19,118315,Male,Bachelors,1
28,115494,Male,Bachelors,0
67,102681,Male,Masters,0
48,69177,Male,Masters,1
32,87342,Female,PhD,1
26,91200,Female,PhD,1
40,81501,Female,PhD,0
36,48900,Male,PhD,0
26,34126,Male,PhD,0
52,90690,Male,Bachelors,1
38,107744,Male,Masters,0
26,99303,Female,Bachelors,1
45,105579,Female,PhD,0
63,67994,Male,PhD,0
68,87061,Female,Masters,1
24,119064,Male,Bachelors,1
33,36978,Male,PhD,1
33,76344,Male,PhD,0
50,66648,Male,PhD,1
21,21055,Female,PhD,1
21,95582,Female,Bachelors,1
56,101214,Male,Bachelors,1
57,64876,Male,PhD,0
34,112160,Female,Bachelors,0
54,58725,Female,PhD,1
56,25255,Male,Masters,1
69,94947,Male,Masters,0
46,73380,Male,Masters,1
69,73333,Male,Bachelors,1
53,62459,Male,PhD,1
55,56163,Female,Masters,0
56,53971,Female,Masters,0
67,116771,Male,Bachelors,0
54,85149,Male,Bachelors,1
69,104730,Male,Masters,1
52,39476,Male,PhD,1
24,88580,Female,PhD,0
44,106593,Female,PhD,0
45,89050,Male,Masters,1
39,95526,Female,Bachelors,1
31,27507,Male,PhD,1
24,90393,Male,Masters,1
54,32118,Female,Masters,1
39,70529,Male,Bachelors,0
22,88682,Female,PhD,0
19,111937,Male,Masters,0
44,74176,Male,PhD,0
38,111713,Male,PhD,1
55,24414,Male,PhD,0
32,103030,Female,Masters,0
38,105973,Male,PhD,1
27,82137,Female,Bachelors,0
40,23937,Female,Masters,1
56,56731,Male,Masters,0
22,106862,Female,PhD,1
18,58665,Male,PhD,1
30,94510,Female,PhD,1
38,37500,Female,Masters,0
43,21750,Male,Bachelors,0
67,85018,Male,Bachelors,1
62,24027,Female,Masters,0
38,25745,Male,Bachelors,1
35,81731,Male,PhD,1
54,106984,Female,Masters,1
62,48451,Female,Bachelors,1
49,113743,Male,Masters,1
53,91474,Female,Bachelors,1
34,81536,Male,Masters,1
52,32150,Male,Bachelors,0
66,33406,Female,Masters,0
28,39781,Male,Masters,0
38,77417,Female,Masters,0
69,38325,Male,Masters,0
43,88684,Male,Masters,0
21,114415,Male,PhD,1
51,93469,Female,Masters,0
69,29436,Female,Masters,1
65,37669,Male,Masters,0
35,92010,Female,Bachelors,1
57,96764,Female,Masters,0
52,119074,Male,PhD,0
58,21843,Female,Masters,0
46,85609,Female,Bachelors,0
69,70812,Female,Bachelors,0
46,36059,Male,Masters,1
55,106269,Male,Masters,1
59,60768,Female,Masters,0
38,45395,Male,Masters,1
59,40202,Female,Bachelors,1
30,33273,Male,Masters,1
66,68889,Female,Bachelors,1
58,118635,Male,Bachelors,0
34,93048,Female,PhD,0
26,113767,Male,Bachelors,1
58,108810,Female,Masters,0
18,65510,Male,Masters,0
19,107945,Male,Masters,0
65,90649,Male,Masters,0
46,22881,Female,PhD,1
50,65913,Female,PhD,1
27,104785,Female,PhD,1
67,85037,Male,PhD,0
57,82457,Female,Bachelors,1
38,55343,Male,PhD,1
45,82389,Male,Bachelors,1
28,98250,Male,Masters,1
51,28656,Female,Bachelors,0
25,25741,Male,Bachelors,1
39,36661,Female,PhD,0
25,117091,Female,Masters,0
66,48690,Male,Masters,1
32,52833,Female,PhD,0
34,91240,Male,Bachelors,0
40,97711,Male,PhD,1
41,77141,Female,Bachelors,1
62,98232,Male,PhD,1
36,59023,Male,PhD,1
22,60209,Male,Masters,1
49,113590,Female,Masters,0
61,106612,Female,Masters,1
18,100522,Female,PhD,0
40,34440,Male,Masters,0
54,27960,Male,Masters,1
25,42462,Female,PhD,0
30,37821,Female,Masters,0
25,77772,Female,Bachelors,1
40,47258,Female,Masters,1
60,112889,Female,Bachelors,0
18,108952,Male,Masters,0
62,82524,Female,PhD,0
68,42115,Male,PhD,0
41,66433,Male,Masters,0
52,110504,Male,Bachelors,1
41,108267,Male,Masters,1
34,108321,Female,PhD,1
22,99364,Male,Masters,1
37,90077,Female,PhD,0
38,60644,Male,Bachelors,1
57,82643,Female,Bachelors,1
48,33311,Female,PhD,0
63,50531,Male,Bachelors,0
53,34588,Female,PhD,0
28,69416,Male,PhD,1
69,32380,Female,PhD,1
32,62645,Male,Masters,0
36,37818,Male,Bachelors,0
24,50857,Female,Masters,1
68,41711,Female,Masters,0
45,25097,Male,Bachelors,0
68,48393,Male,Masters,0
60,42076,Female,PhD,1
22,104274,Male,Masters,1
22,77609,Male,PhD,1
47,49317,Male,Bachelors,0
49,78480,Female,Masters,0
25,27044,Male,Bachelors,1
27,91033,Male,PhD,0
55,75486,Female,Masters,0
64,75162,Male,PhD,1
49,99287,Male,PhD,0
65,49882,Male,PhD,0
45,74078,Male,Bachelors,0
34,78734,Female,Bachelors,0
48,63826,Male,Bachelors,1
25,107985,Male,Masters,0
57,64028,Male,PhD,1
42,71331,Male,Bachelors,1
26,118938,Male,PhD,1
19,52543,Female,Bachelors,1
32,49362,Female,PhD,0
67,47315,Male,Bachelors,0
20,47746,Male,Bachelors,1
66,30057,Female,Bachelors,1
53,62915,Female,Bachelors,1
21,41061,Female,PhD,1
31,71370,Male,Bachelors,0
58,54157,Male,Bachelors,1
58,31322,Male,Bachelors,1
42,89812,Male,PhD,0
67,97842,Male,Bachelors,1
27,54017,Male,PhD,0
38,76792,Female,Masters,0
53,47742,Female,PhD,0
29,117136,Male,Masters,1
44,84808,Male,Bachelors,0
57,37629,Male,Bachelors,0
19,28245,Female,PhD,1
30,116950,Female,Bachelors,1
49,63870,Female,Bachelors,1
48,115634,Female,PhD,1
33,84829,Male,Bachelors,0
49,30588,Female,Masters,1
49,20442,Female,Masters,0
51,97339,Male,Bachelors,0
28,60721,Male,Bachelors,1
27,57145,Male,Masters,1
32,30599,Female,Bachelors,1
34,92594,Male,Masters,1
57,102742,Female,PhD,0
35,97430,Female,Masters,1
26,22939,Female,Bachelors,0
42,42149,Female,Bachelors,0
57,86567,Male,Masters,1
31,30208,Male,Masters,1
42,86098,Female,Bachelors,1
67,69492,Male,Bachelors,0
39,40951,Female,Bachelors,0
69,68920,Female,PhD,0
47,66766,Male,PhD,1
37,77014,Male,Masters,1
38,48351,Female,Masters,1
61,104216,Male,PhD,1
49,69386,Female,PhD,1
68,107122,Male,Masters,1
63,29308,Female,PhD,1
66,79252,Female,Masters,0
38,95145,Male,Bachelors,0
52,115031,Male,Masters,0
49,103211,Female,PhD,0
47,48064,Male,PhD,1
56,73879,Male,PhD,1
66,28720,Female,Masters,1
29,62940,Female,PhD,0
58,99993,Male,Masters,1
64,88475,Male,Bachelors,0
35,67113,Female,Bachelors,0
38,68926,Female,PhD,0
30,58203,Female,Masters,1
38,108901,Female,Masters,1
25,25392,Female,PhD,0
63,45905,Female,Masters,0
57,93508,Female,PhD,1
63,70385,Female,PhD,0
24,50653,Male,Bachelors,1
40,111865,Male,PhD,0
61,104720,Male,Masters,1
49,34799,Female,PhD,0
28,80103,Male,Bachelors,1
39,35052,Female,Bachelors,0
39,26044,Male,Masters,1
60,39871,Female,PhD,0
42,109303,Female,Masters,1
39,40234,Male,Masters,0
45,41381,Female,PhD,0
46,37274,Male,Bachelors,0
30,107840,Male,Masters,0
35,103108,Male,Masters,0
19,69892,Male,Bachelors,0
46,70521,Male,PhD,1
38,111501,Male,PhD,1
32,103920,Male,PhD,0
69,103391,Male,Bachelors,1
44,37920,Male,Masters,0
67,36702,Female,Bachelors,0
48,21894,Female,Masters,1
32,50985,Male,Masters,0
68,48287,Female,PhD,0
40,93527,Female,PhD,1
41,35439,Male,PhD,0
61,114620,Male,Bachelors,0
30,62235,Female,PhD,1
39,47659,Male,Bachelors,1
60,44976,Male,PhD,0
54,102643,Male,PhD,0
50,87865,Female,PhD,0
20,88306,Male,Bachelors,0
36,76697,Female,Masters,0
40,90382,Male,Bachelors,0
46,36651,Male,Bachelors,0
47,69044,Female,Bachelors,1
56,34633,Male,Masters,0
61,99164,Female,Bachelors,0
64,20569,Female,PhD,1
42,79900,Male,Masters,0
54,87509,Male,Bachelors,0
64,53038,Female,Bachelors,1
25,69088,Female,Masters,0
59,93177,Male,Bachelors,1
33,94466,Male,Masters,1
25,92216,Male,PhD,1
18,86793,Male,Bachelors,1
61,93786,Male,Bachelors,1
22,58138,Female,PhD,1
20,83310,Female,Bachelors,1
18,48757,Female,Bachelors,0
21,90394,Female,Masters,1
57,99027,Male,Bachelors,1
52,110830,Female,PhD,0
49,76151,Male,Bachelors,0
59,69272,Male,Masters,1
51,26908,Male,PhD,1
60,30844,Male,PhD,1
42,71455,Male,PhD,1
27,88447,Female,PhD,0
38,94527,Male,Masters,0
63,97108,Male,Masters,1
56,63066,Male,Masters,0
44,115229,Female,Masters,0
44,60004,Male,Bachelors,0
19,58333,Male,Masters,0
58,103029,Male,Bachelors,1
65,59697,Female,PhD,0
30,37634,Male,Bachelors,0
26,44561,Female,Bachelors,1
69,38033,Female,Bachelors,0
53,92887,Male,Masters,1
39,75063,Female,Masters,1
59,45921,Female,PhD,0
43,39340,Male,Masters,0
29,82781,Male,Bachelors,1
34,34901,Male,Masters,0
31,30638,Male,Masters,1
31,58596,Female,Bachelors,1
51,106914,Female,PhD,0
37,64324,Male,Masters,1
28,108356,Male,PhD,1
33,110596,Male,Bachelors,0
68,52642,Female,Masters,0
48,45378,Male,PhD,1
23,70867,Female,PhD,0
36,93686,Female,Bachelors,1
54,62875,Female,Masters,0
21,109595,Female,PhD,1
64,103729,Male,PhD,0
21,84377,Male,PhD,0
37,74691,Male,PhD,0
27,113337,Female,PhD,0
41,84303,Female,PhD,0
52,80839,Male,PhD,1
43,69063,Female,PhD,1
54,111782,Female,PhD,0
55,98343,Female,PhD,1
38,103071,Male,Masters,0
57,25492,Male,Bachelors,1
56,51357,Male,Bachelors,1
38,91838,Female,Bachelors,1
27,52314,Male,PhD,0
55,68697,Male,Bachelors,0
63,90283,Male,PhD,1
21,79567,Female,Masters,1
62,67006,Female,Bachelors,1
37,80011,Female,Masters,1
34,30686,Female,Masters,0
24,57449,Female,PhD,0
21,81606,Male,Bachelors,1
46,38891,Male,Masters,0
31,72115,Female,Bachelors,1
20,80719,Female,Masters,0
41,115464,Male,Masters,1
54,93030,Female,PhD,0
33,56723,Female,Bachelors,1
69,49877,Female,PhD,0
21,113517,Female,PhD,1
41,34026,Female,PhD,0
51,40422,Male,PhD,1
47,29244,Male,PhD,1
35,53481,Female,Masters,0
36,109180,Female,Bachelors,0
48,78031,Male,Bachelors,0
36,28521,Female,PhD,1
66,21746,Male,Bachelors,1
63,103127,Female,Masters,1
36,112254,Male,PhD,0
39,88232,Male,Masters,1
41,32012,Female,Masters,0
62,100224,Female,PhD,1
29,43457,Male,Masters,1
47,90572,Female,PhD,1
55,49960,Male,Masters,0
48,107695,Female,Bachelors,1
53,27910,Female,Bachelors,1
36,22693,Female,Bachelors,0
65,35858,Male,PhD,1
62,48810,Male,Masters,0
53,40092,Female,Masters,1
47,108779,Male,Bachelors,1
66,68700,Female,Bachelors,0
50,78105,Male,PhD,1
35,50505,Female,PhD,0
69,93228,Male,Masters,0
66,48555,Male,PhD,1
45,91934,Male,PhD,1
64,92788,Male,PhD,1
28,97257,Male,Bachelors,1
62,37939,Male,Bachelors,1
50,31825,Female,Masters,0
34,110787,Female,PhD,0
23,44151,Male,Bachelors,0
21,20036,Female,PhD,0
37,113948,Male,Masters,0
65,103707,Female,PhD,1
64,59051,Female,Masters,0
44,118297,Female,Masters,0
32,100738,Female,Bachelors,1
23,93596,Male,PhD,1
64,80071,Female,Bachelors,1
31,93601,Female,PhD,1
28,49873,Female,PhD,0
56,56648,Male,Masters,1
26,91468,Female,Masters,0
43,46470,Male,PhD,1
33,85129,Male,Bachelors,1
22,28328,Female,Masters,0
69,26333,Male,Masters,0
27,66638,Female,PhD,1
67,31268,Female,PhD,0
20,90603,Female,Masters,1
30,37045,Female,Bachelors,1
60,60741,Female,Masters,0
66,108306,Female,PhD,0
47,62770,Female,Masters,0
62,27887,Male,PhD,1
23,118718,Male,Masters,0
34,117906,Female,PhD,0
62,44918,Female,PhD,1
68,55497,Male,Bachelors,0
36,113562,Female,PhD,0
59,81009,Male,Masters,0
52,31929,Male,PhD,0
63,81762,Female,Masters,1
43,99099,Female,Bachelors,0
68,48546,Male,Masters,1
22,98424,Male,Bachelors,1
46,57338,Female,Bachelors,0
54,54283,Female,PhD,1
37,102494,Male,Bachelors,0
66,98170,Male,Masters,1
38,104787,Male,Bachelors,0
27,66566,Female,Bachelors,1
22,105464,Female,PhD,1
53,101991,Female,Masters,1
23,112680,Male,Bachelors,1
43,48013,Male,PhD,1
21,72132,Female,PhD,1
56,107412,Male,Masters,0
56,112498,Male,PhD,1
67,48084,Male,Bachelors,0
52,41143,Male,PhD,1
18,111627,Male,Masters,0
41,34179,Female,Masters,1
53,118343,Female,PhD,1
23,78726,Female,Bachelors,1
58,30222,Female,PhD,1
63,79965,Female,Masters,1
61,84068,Male,PhD,1
48,43949,Male,PhD,1
37,36116,Male,Bachelors,1
41,71052,Female,PhD,0
42,71369,Male,Bachelors,0
53,68817,Male,PhD,1
38,103203,Male,PhD,0
47,94311,Female,Bachelors,1
41,49655,Male,Bachelors,0
61,77802,Male,Masters,1
59,67632,Female,Bachelors,0
47,34193,Female,PhD,0
39,100212,Male,Masters,1
45,50776,Female,Bachelors,0
24,63225,Male,Bachelors,1
52,80010,Female,Masters,1
45,102735,Male,PhD,0
31,85451,Male,PhD,1
27,68812,Female,Masters,0
33,100602,Female,PhD,0
33,38895,Female,Bachelors,0
48,85782,Female,PhD,0
59,41209,Male,Bachelors,0
42,102336,Female,PhD,0
30,81807,Male,Bachelors,1
23,43086,Male,Masters,0
61,105637,Male,Bachelors,0
26,102027,Female,PhD,0
62,47207,Male,Bachelors,1
53,40897,Male,PhD,1
60,83083,Female,PhD,1
37,115028,Male,Bachelors,0
35,86957,Male,PhD,0
60,117551,Male,Masters,0
38,98506,Female,PhD,1
21,27283,Male,Masters,1
67,114024,Male,Masters,1
50,101481,Male,PhD,0
44,20255,Female,Masters,0
24,96555,Female,Masters,1
23,35487,Female,Bachelors,0
32,39346,Male,Masters,1
35,55050,Male,Masters,1
49,28744,Male,Masters,1
28,44756,Male,Masters,0
37,81596,Male,Masters,1
41,103397,Female,PhD,1
32,45146,Male,Masters,0
65,75032,Male,PhD,0
24,62687,Female,PhD,1
38,66103,Female,PhD,0
59,41976,Male,Bachelors,0
43,82863,Female,Bachelors,0
61,20591,Female,PhD,0
31,26277,Female,Bachelors,1
54,81860,Male,Masters,0
38,22260,Female,PhD,1
35,85883,Male,PhD,0
22,44741,Female,PhD,0
20,57211,Male,Bachelors,1
40,61542,Male,Bachelors,0
43,26869,Male,Bachelors,0
54,113618,Female,Masters,1
41,107616,Female,Bachelors,1
66,84732,Female,PhD,1
36,114515,Male,Bachelors,0
68,39422,Female,Bachelors,0
42,55613,Female,Bachelors,0
38,77016,Male,Bachelors,1
29,80110,Female,PhD,0
58,108529,Male,Bachelors,1
50,97922,Female,PhD,1
67,54033,Male,Bachelors,1
21,65213,Male,Masters,1
59,81993,Female,Masters,1
24,32938,Male,PhD,0
39,96695,Female,PhD,1
50,22274,Female,Masters,1
34,104390,Female,Masters,1
41,51815,Female,Bachelors,1
51,96018,Male,Masters,0
45,38961,Male,PhD,0
60,40044,Male,PhD,0
58,119372,Female,Masters,1
56,41975,Female,PhD,0
39,34706,Male,Bachelors,0
66,25974,Male,Bachelors,1
34,96464,Female,Masters,1
51,41213,Female,PhD,1
23,21950,Female,Masters,1
63,105013,Male,PhD,1
23,30411,Female,PhD,0
51,107231,Male,PhD,0
18,66156,Female,Bachelors,0
27,82744,Male,PhD,0
38,37771,Female,Bachelors,0
22,89810,Male,PhD,1
19,55053,Male,Masters,0
39,72076,Male,Bachelors,0
65,27045,Female,Bachelors,0
19,77623,Male,Bachelors,0
27,49714,Male,Masters,0
51,54386,Female,Bachelors,1
33,28562,Male,Masters,1
65,75048,Male,PhD,0
68,113295,Female,PhD,1
56,32026,Male,Masters,0
39,51589,Female,Bachelors,0
29,117274,Male,Bachelors,1
41,46844,Female,Masters,1
64,43447,Male,PhD,1
57,110415,Male,Masters,0
55,97502,Male,Bachelors,0
27,103268,Female,Bachelors,0
52,74708,Male,Bachelors,1
68,83925,Male,Bachelors,1
66,90825,Female,PhD,0
49,71574,Female,PhD,1
24,105548,Female,PhD,1
38,38812,Male,Bachelors,0
37,75309,Male,Bachelors,1
43,84230,Male,Bachelors,1
21,61628,Female,Masters,0
63,60581,Female,Bachelors,0
69,66628,Male,PhD,0
39,108628,Male,PhD,1
32,45105,Female,PhD,0
57,99830,Female,Masters,1
38,89157,Female,PhD,0
32,52442,Male,Masters,0
39,107235,Female,Masters,0
69,22347,Female,Masters,1
45,115022,Female,Bachelors,0
31,67650,Female,Bachelors,0
44,37110,Male,PhD,1
58,82170,Female,PhD,1
57,24923,Male,Masters,0
45,71801,Male,Bachelors,0
43,82771,Female,PhD,0
66,101147,Female,PhD,1
19,68135,Male,Bachelors,1
42,39199,Female,Masters,0
20,29066,Male,PhD,0
25,72136,Female,PhD,0
61,112290,Male,Bachelors,0
50,56575,Male,Bachelors,1
59,109796,Male,Masters,1
69,66733,Female,Masters,1
52,36991,Male,PhD,0
23,42553,Male,Masters,0
56,109710,Female,PhD,1
69,107493,Female,PhD,0
40,20634,Male,Bachelors,1
42,115417,Male,PhD,0
67,32771,Female,Bachelors,0
60,38298,Male,PhD,0
36,99876,Female,PhD,1
22,118892,Female,PhD,0
68,55999,Female,Masters,0
28,91887,Male,Masters,1
29,79648,Female,Bachelors,0
27,82668,Male,PhD,0
25,89374,Male,Bachelors,1
41,87509,Female,Bachelors,0
45,95783,Female,PhD,1
58,64440,Female,Masters,0
53,51655,Female,Masters,0
54,63039,Male,Bachelors,1
38,75255,Male,Masters,0
25,92219,Female,PhD,1
26,74989,Male,PhD,0
64,31244,Female,Masters,1
32,114594,Male,Masters,0
65,78595,Male,Bachelors,0
63,59551,Male,Masters,0
57,83230,Female,Bachelors,0
35,48371,Male,PhD,0
59,89358,Male,PhD,1
37,48878,Male,PhD,0
23,56157,Male,Masters,1
29,25914,Female,Masters,1
19,103700,Male,Masters,0
24,47180,Female,Bachelors,0
33,23688,Female,Bachelors,0
20,100219,Male,Bachelors,1
62,98616,Male,PhD,0
20,116489,Female,Bachelors,0
44,29916,Female,Masters,0
67,76363,Female,Masters,0
60,115213,Male,PhD,0
57,47360,Male,Masters,0
55,57805,Female,Masters,1
50,33453,Female,Masters,0
45,42703,Female,Bachelors,1
18,79021,Male,Bachelors,1
25,94176,Male,Masters,0
54,114799,Female,Masters,0
49,118385,Male,Masters,1
65,101614,Female,Masters,0
60,108919,Male,Bachelors,0
54,101072,Female,PhD,0
21,27410,Male,Masters,0
47,101462,Male,Bachelors,1
23,68268,Male,Masters,1
63,54248,Male,PhD,1
36,51159,Male,Bachelors,0
49,62039,Male,Bachelors,1
26,67800,Male,PhD,1
29,60761,Female,PhD,1
28,114626,Female,Bachelors,0
63,106103,Female,PhD,0
33,63663,Male,Masters,0
18,100903,Male,PhD,0
62,60412,Male,PhD,0
38,55367,Female,Bachelors,1
47,25813,Female,PhD,1
30,79894,Female,Bachelors,0
51,71444,Female,Masters,0
21,54269,Female,PhD,1
45,81748,Female,PhD,1
55,61190,Male,Bachelors,0
48,60318,Female,Bachelors,0
44,57018,Male,PhD,0
22,59759,Female,Bachelors,1
42,36498,Female,PhD,1
20,45989,Male,Masters,0
50,45568,Male,PhD,0
21,86577,Male,Masters,1
42,50099,Female,Masters,1
37,109900,Female,Bachelors,1
51,60639,Male,Bachelors,0
43,43482,Female,Bachelors,0
22,89212,Male,Bachelors,0
52,75261,Female,PhD,0
45,107317,Female,Masters,1
46,50048,Female,PhD,1
26,23065,Male,Masters,0
69,22036,Female,Masters,0
55,55814,Male,Masters,0
67,79694,Male,PhD,0
23,36924,Male,Bachelors,0
36,80204,Male,PhD,0
61,52844,Male,Masters,0
28,101943,Male,PhD,0
19,41518,Male,Masters,0
64,37059,Male,Bachelors,0
61,43052,Male,Bachelors,1
61,89803,Female,PhD,1
26,91524,Male,Bachelors,1
38,113510,Female,Masters,1
41,109572,Male,Masters,0
51,28680,Female,Bachelors,1
39,87021,Female,Bachelors,1
20,100249,Female,Bachelors,1
29,40043,Female,PhD,1
45,22419,Female,PhD,1
47,76892,Female,Masters,0
43,37140,Male,PhD,1
65,63484,Male,PhD,1
38,83869,Male,Masters,0
45,65210,Male,Masters,1
43,77600,Male,Bachelors,0
50,98497,Male,Bachelors,1
38,26487,Female,PhD,0
52,80692,Male,Masters,0
69,82112,Female,PhD,0
51,51110,Female,PhD,1
58,36360,Female,Masters,1
68,69410,Female,Masters,0
64,110418,Female,Masters,0
35,103038,Female,Masters,0
28,93167,Male,PhD,0
40,23017,Female,PhD,0
65,106261,Female,PhD,0
39,80124,Male,Masters,0
34,110298,Male,Bachelors,0
22,70949,Male,PhD,0
61,78268,Male,Bachelors,0
28,86320,Male,Bachelors,1
47,113556,Male,Bachelors,0
32,101301,Male,Masters,1
44,51127,Female,Masters,0
52,23196,Male,PhD,1
50,95088,Female,PhD,0
37,61300,Male,Masters,1
33,69714,Male,Masters,0
51,51921,Female,Bachelors,0
19,24746,Male,Masters,0
52,88535,Male,Masters,1
57,85350,Male,Masters,0
45,70345,Male,Masters,0
64,69220,Male,Bachelors,0
56,101131,Male,PhD,1
23,42063,Male,Bachelors,1
26,91736,Female,Masters,0
37,108913,Male,Masters,0
18,98946,Female,PhD,1
25,65971,Female,PhD,1
40,23598,Female,PhD,0
20,30564,Female,Bachelors,0
21,116434,Female,PhD,0
42,69725,Female,Masters,1
64,106134,Female,Masters,1
55,79940,Male,Masters,0
32,82085,Male,Bachelors,1
38,37862,Male,PhD,1
52,30265,Female,PhD,0
63,29705,Male,PhD,0
69,75279,Female,PhD,0
31,82471,Female,Masters,1
53,111080,Male,Bachelors,1
29,99834,Female,PhD,0
34,82979,Female,Masters,1
56,75828,Male,Masters,1
26,118206,Female,Bachelors,1
52,66104,Male,PhD,1
30,60934,Female,Bachelors,0
32,26050,Female,PhD,1
35,63952,Male,Bachelors,0
68,106570,Male,PhD,1
50,28484,Male,PhD,0
23,82648,Female,Bachelors,1
44,79945,Female,PhD,0
40,73678,Male,Bachelors,0
44,51323,Male,Bachelors,1
51,106332,Male,PhD,1
63,114605,Female,PhD,0
55,107363,Female,Bachelors,1
31,55361,Male,Masters,0
53,30315,Male,Bachelors,0
25,67968,Male,Masters,0
52,46519,Female,Masters,0
36,29107,Male,Bachelors,1
47,75781,Male,Bachelors,1
31,23869,Male,Bachelors,1
37,100983,Female,Masters,1
66,47370,Female,Bachelors,1
42,82695,Male,Bachelors,0
57,80422,Female,PhD,1
41,27971,Male,PhD,1
31,116805,Male,PhD,1
43,45651,Male,Bachelors,0
55,76974,Male,Bachelors,1
40,43446,Female,Bachelors,1
39,58108,Male,Masters,1
65,95179,Male,Masters,1
36,23823,Female,PhD,1
63,33454,Male,Masters,0
68,23932,Female,Masters,1
20,30220,Male,Masters,1
59,94090,Male,PhD,1
36,87965,Male,PhD,0
26,48208,Male,Masters,1
45,92980,Female,Bachelors,1
37,30510,Male,PhD,0
62,64045,Female,Masters,1
24,30537,Female,Bachelors,0
31,92683,Female,Bachelors,1
26,89134,Male,PhD,0
36,92254,Female,Bachelors,0
64,33782,Female,PhD,0
69,85587,Female,Masters,0
31,102238,Male,PhD,1
55,95720,Male,Bachelors,0
53,98004,Female,PhD,0
57,42072,Female,PhD,1
34,101015,Male,Masters,1
47,114003,Female,Bachelors,0
26,108938,Female,PhD,0
50,92746,Female,Masters,1
69,65702,Male,Masters,0
42,26057,Female,Masters,1
31,50916,Female,Masters,1
28,47268,Male,Masters,0
52,63978,Female,PhD,1
58,43259,Male,PhD,1
31,73583,Male,Bachelors,0
47,99400,Male,PhD,1
58,54293,Female,Bachelors,1
21,27043,Female,Bachelors,0
21,70430,Female,Bachelors,1
45,58893,Female,PhD,1
25,60642,Female,Masters,0
19,98065,Female,Bachelors,1
58,50868,Female,Masters,1
63,46309,Female,Bachelors,1
39,43284,Male,PhD,1
58,89000,Female,Bachelors,0
33,104179,Female,PhD,1
46,82107,Male,Masters,0
66,85049,Female,PhD,1
65,49265,Male,Masters,0
47,101490,Female,PhD,1
29,43880,Female,Bachelors,0
52,104579,Male,Bachelors,0
28,20255,Male,PhD,1
63,21502,Female,Masters,1
67,90192,Male,Masters,0
38,85424,Female,Masters,0
38,95838,Female,PhD,0
22,90966,Female,PhD,0
65,61366,Female,PhD,0
37,47425,Female,PhD,0
54,72328,Female,Masters,1
20,87396,Male,Masters,1
61,91694,Male,PhD,0
50,25806,Male,PhD,0
26,106274,Female,Masters,1
26,37106,Male,Masters,0
21,76731,Female,Bachelors,0
52,95010,Male,PhD,1
34,102533,Female,Bachelors,1
51,52599,Female,Masters,0
41,91326,Female,Masters,1
49,95706,Female,PhD,0
18,29004,Female,Bachelors,1
25,71364,Male,Masters,0
62,45792,Female,Bachelors,0
40,115752,Male,Bachelors,0
64,84912,Female,Bachelors,0
57,74645,Female,Bachelors,1
29,27232,Female,Bachelors,1
29,98210,Male,PhD,1
63,74766,Female,PhD,0
64,101588,Male,Bachelors,1
32,68542,Female,PhD,0
58,25913,Male,Masters,0
36,113449,Male,Bachelors,1
43,30567,Male,PhD,1
69,58379,Female,PhD,0
46,94968,Female,Masters,0
39,20319,Male,Masters,1
57,110005,Female,Masters,1
38,112026,Female,Masters,1
68,106120,Female,Bachelors,1
55,24791,Male,PhD,1
37,117272,Male,PhD,0
46,20329,Female,Masters,0
68,94387,Male,PhD,0
21,81032,Female,PhD,1
24,64078,Female,PhD,0
45,108662,Male,Masters,1
45,41300,Male,PhD,1
21,95700,Female,PhD,1
39,70945,Female,PhD,0
29,75609,Female,Bachelors,0
62,80562,Male,Bachelors,0
20,110045,Male,PhD,0
39,81901,Female,PhD,1
61,25703,Female,PhD,1
19,112645,Male,PhD,0
41,83115,Female,PhD,0
51,108090,Male,PhD,1
44,47676,Male,Bachelors,0
58,81710,Female,Masters,0
18,80077,Female,PhD,1
25,109340,Male,PhD,0
40,65440,Female,PhD,0
55,56923,Male,Masters,0
23,49802,Male,PhD,1
39,110331,Male,PhD,0
42,82904,Female,Masters,0
35,80162,Female,PhD,1
34,85169,Female,Masters,1
29,88147,Male,Masters,1
23,42075,Male,PhD,1
43,102015,Male,Bachelors,1
44,94716,Male,Bachelors,1
25,29304,Female,PhD,1
36,79622,Female,Masters,0
59,74215,Female,Masters,1
18,100146,Male,Masters,1
46,93973,Male,PhD,1
62,32521,Female,Bachelors,0
66,44028,Male,Masters,0
52,59328,Female,Masters,1
57,47301,Male,PhD,1
31,58015,Male,Bachelors,1
52,107276,Male,Bachelors,0
65,56845,Male,PhD,1
62,106818,Male,Bachelors,0
37,96394,Female,PhD,0
66,64159,Female,Masters,1
30,63714,Female,PhD,0
55,100722,Male,Masters,1
66,119721,Female,PhD,0
63,116730,Female,Masters,0
66,45230,Male,Masters,0
25,112554,Male,PhD,1
60,69262,Female,Masters,0
37,110201,Female,Bachelors,0
50,61722,Female,PhD,1
43,66359,Female,Bachelors,0
56,82796,Female,Masters,0
38,60159,Male,Masters,1
66,107052,Female,Masters,1
59,110209,Female,PhD,1
60,25239,Female,Masters,0
58,111951,Female,Bachelors,0
26,70886,Female,Bachelors,0
41,47195,Female,PhD,0
54,114859,Male,Bachelors,0
66,116299,Male,PhD,1
58,54674,Male,PhD,0
34,38105,Female,Masters,1
41,49739,Female,Bachelors,0
38,51969,Male,Bachelors,0
68,34497,Female,Bachelors,1
56,21816,Female,Masters,0
58,112019,Female,PhD,0
56,79254,Male,Bachelors,1
30,107695,Male,Bachelors,1
28,89385,Male,Bachelors,0
63,107148,Female,Bachelors,1
36,53826,Male,Masters,0
28,83365,Male,PhD,1
30,104242,Male,Bachelors,0
63,70100,Female,Bachelors,1
62,110099,Male,PhD,1
18,24359,Male,Masters,0
57,116205,Female,Masters,1
61,32809,Male,Masters,1
36,84450,Female,Masters,1
29,58428,Female,Bachelors,0
25,114990,Male,PhD,1
25,92790,Male,PhD,1
62,110321,Male,PhD,1
29,22093,Female,Masters,0
65,64498,Male,Masters,0
50,60985,Male,PhD,1
62,52009,Male,Bachelors,0
43,102094,Female,Masters,1
56,37718,Female,Bachelors,0
45,36705,Female,PhD,1
22,107618,Male,Masters,0
25,82598,Male,Bachelors,1
42,97878,Female,Masters,1
44,32239,Male,PhD,0
63,66622,Male,PhD,1
40,66665,Female,PhD,1
47,52274,Female,Bachelors,1
62,31419,Female,Masters,0
64,35003,Male,Masters,1
40,50866,Male,Masters,1
66,41988,Male,PhD,1
64,75894,Female,Bachelors,0
37,110444,Female,PhD,1
35,25674,Male,PhD,0
35,90538,Female,Bachelors,1
19,113103,Female,PhD,0
21,86446,Male,PhD,0
47,49072,Female,Masters,0
50,53717,Male,Bachelors,1
53,107345,Female,Bachelors,0
35,46651,Male,Masters,0
54,64291,Female,Bachelors,0
36,83350,Male,Masters,0
64,102020,Female,PhD,0
45,24646,Female,Bachelors,0
57,59713,Female,Bachelors,0
37,87936,Female,PhD,0
66,64331,Female,PhD,0
50,42185,Male,Bachelors,1
29,104263,Male,Bachelors,0
68,118656,Male,Bachelors,0
32,72107,Female,Masters,0
58,86554,Male,Bachelors,0
56,37563,Female,Bachelors,0
19,90729,Female,PhD,0
46,35701,Male,PhD,0
58,89072,Male,Masters,1
27,68217,Female,PhD,1
19,64610,Female,Bachelors,1
68,104422,Male,Bachelors,0
28,70131,Male,Masters,0
30,49410,Female,PhD,1
27,119280,Female,PhD,1
31,78715,Male,PhD,0
35,58665,Female,Masters,0
68,35957,Female,PhD,1
26,68127,Male,PhD,1
56,83589,Male,PhD,1
45,66008,Female,Bachelors,1
20,81920,Female,Masters,0
37,52875,Male,Bachelors,1
23,21626,Female,Masters,1
44,110815,Male,PhD,0
19,83822,Female,Bachelors,1
46,91765,Male,PhD,1
55,92413,Female,PhD,1
20,53642,Female,Masters,0
33,58311,Female,PhD,0
47,52356,Male,Bachelors,1
57,23809,Male,Masters,0
19,63371,Male,Masters,0
34,54875,Female,Bachelors,1
58,29465,Female,PhD,0
29,86095,Male,PhD,1
52,93844,Male,PhD,0
60,85250,Female,PhD,1
18,106889,Female,PhD,0
62,35250,Female,Masters,0
32,66023,Female,Masters,1
43,66624,Male,Bachelors,1
54,36427,Male,PhD,1
38,53276,Female,PhD,1
66,91643,Female,PhD,0
48,99012,Female,Bachelors,0
42,23439,Male,PhD,1
40,105848,Male,Masters,0
41,107331,Female,PhD,1
55,98672,Female,Bachelors,0
45,99703,Female,Masters,1
38,37300,Female,Masters,0
60,80289,Female,Masters,1
35,37182,Female,PhD,0
53,90507,Male,Bachelors,0
52,70912,Male,Bachelors,1
62,46909,Male,PhD,0
26,39659,Female,Bachelors,0
55,51403,Female,Masters,1
47,53586,Female,Masters,1
61,30360,Male,Bachelors,1
51,41424,Female,Bachelors,1
49,118035,Male,PhD,0
20,68791,Female,PhD,1
20,23065,Female,PhD,1
45,88795,Female,PhD,1
61,32300,Male,PhD,0
32,53370,Male,PhD,0
58,89831,Male,Masters,0
40,47209,Female,Bachelors,0
57,40927,Male,PhD,1
28,54579,Female,Masters,0
65,29032,Female,Bachelors,0
49,113254,Male,Bachelors,1
53,98413,Male,Bachelors,1
50,60731,Female,PhD,0
41,112202,Female,PhD,1
56,73767,Female,PhD,0
51,92302,Female,Bachelors,0
45,69954,Male,Bachelors,0
54,108365,Male,Masters,1
24,105757,Male,Masters,1
21,45102,Female,Masters,0
54,54433,Female,Masters,0
18,35932,Female,Bachelors,1
18,45714,Male,PhD,0
64,77803,Female,PhD,1
37,59743,Female,PhD,1
36,22552,Male,PhD,1
46,76627,Male,Masters,1
27,65987,Female,Bachelors,0
35,99810,Male,PhD,1
45,65380,Female,Bachelors,1
52,49250,Male,Masters,1
60,88344,Female,Masters,0
64,84686,Male,PhD,0
48,65028,Male,PhD,0
44,35295,Male,Masters,0
28,75248,Male,Masters,0
66,100205,Female,Bachelors,1
66,30523,Female,Masters,0
55,65530,Male,Bachelors,0
22,33769,Female,Masters,1
25,83042,Male,Bachelors,0
51,64645,Male,Masters,0
65,110743,Female,Masters,1
69,82142,Female,Bachelors,0
29,45557,Female,Bachelors,0
55,99782,Female,PhD,1
18,98382,Female,PhD,0
48,57085,Female,Masters,0
21,70708,Female,Masters,1
66,71357,Male,Bachelors,0
62,33470,Female,Masters,0
67,98712,Male,PhD,0
22,99082,Female,Bachelors,0
47,26805,Female,Masters,0
41,102324,Male,Bachelors,1
20,114884,Male,PhD,0
28,82028,Male,PhD,1
62,70772,Male,PhD,0
21,72104,Female,Masters,0
43,93616,Female,Masters,1
44,109300,Male,Masters,1
63,26630,Male,Masters,1
60,118869,Female,Masters,0
44,35701,Female,Masters,0
59,34859,Male,PhD,1
68,41183,Female,PhD,0
67,60438,Female,Masters,0
23,117285,Male,PhD,0
32,117423,Male,Bachelors,0
47,62244,Male,Masters,0
59,94312,Male,Bachelors,1
54,35021,Female,Masters,0
54,89863,Male,Masters,1
59,75565,Female,PhD,0
54,68043,Female,Bachelors,0
52,93150,Female,PhD,0
40,84361,Female,Masters,0
23,21245,Male,Bachelors,1
21,61011,Female,Masters,0
35,30355,Male,PhD,0
26,118841,Female,Masters,1
66,68692,Male,Masters,0
46,69004,Female,PhD,0
30,49714,Female,Masters,0
64,37198,Male,Bachelors,1
69,86951,Male,PhD,0
34,21652,Male,Masters,1
62,63625,Male,PhD,1
49,105982,Female,Masters,0
65,38740,Female,PhD,0
39,23810,Female,PhD,0
21,36569,Female,Bachelors,0
22,119855,Female,PhD,1
54,99120,Male,Bachelors,0
58,46783,Male,PhD,0
66,119065,Female,PhD,0
30,98047,Male,Masters,1
51,29471,Female,Masters,0
62,26163,Female,Masters,0
39,83087,Male,PhD,0
40,82071,Female,PhD,0
68,36065,Male,Bachelors,0
20,103456,Female,Bachelors,0
59,68348,Male,Bachelors,0
51,39154,Female,Masters,1
49,40229,Female,Masters,1
62,72587,Male,Bachelors,0
68,69713,Female,PhD,0
66,46997,Female,Masters,0
38,41101,Male,Masters,1
63,60391,Male,Bachelors,0
61,95863,Male,Masters,0
38,92723,Female,Bachelors,1
61,115221,Male,Masters,1
28,79405,Male,PhD,0
56,54948,Male,PhD,0
21,73031,Female,Masters,1
68,57921,Male,Bachelors,1
18,92571,Female,Masters,1
45,97007,Female,Bachelors,1
41,48460,Male,Masters,0
52,41071,Female,PhD,0
30,86118,Female,PhD,1
64,68282,Female,Masters,0
51,111725,Female,Masters,0
28,78445,Female,Masters,1
53,101067,Male,PhD,1
68,102208,Male,PhD,1
34,74816,Male,Bachelors,0
52,105779,Female,Masters,0
35,23060,Male,Masters,0
57,33731,Female,PhD,1
39,97830,Female,Masters,0
41,40719,Female,Bachelors,1
36,67042,Female,Masters,0
54,69116,Male,PhD,1
56,46325,Female,Masters,0
38,42597,Male,PhD,0
25,87439,Male,Bachelors,1
45,34551,Female,Bachelors,1
22,113287,Male,Masters,0
34,44278,Male,Masters,0
54,111189,Male,PhD,1
53,35141,Female,Bachelors,0
36,87913,Female,Bachelors,0
44,53615,Female,Bachelors,1
51,82751,Male,Bachelors,1
28,47452,Male,Masters,0
62,42725,Female,Masters,1
64,70391,Female,PhD,0
29,95060,Male,Bachelors,0
38,31698,Female,Masters,1
28,106711,Female,Masters,0
56,97850,Male,Bachelors,0
45,22365,Male,Masters,0
22,117553,Female,PhD,0
34,117662,Female,PhD,0
37,63372,Female,Bachelors,1
58,64134,Female,PhD,1
63,57823,Male,Masters,0
29,91158,Female,PhD,0
23,116076,Female,Masters,1
34,21949,Male,Bachelors,0
68,69396,Male,Bachelors,1
36,51912,Male,Masters,1
43,76947,Male,Masters,1
65,117697,Male,PhD,0
61,64387,Male,Masters,0
61,83965,Male,Bachelors,0
69,36508,Female,Masters,0
49,65592,Female,PhD,1
23,21919,Male,PhD,0
53,62595,Female,Masters,0
55,29617,Female,PhD,0
28,95268,Male,PhD,1
50,53298,Male,Bachelors,0
41,26929,Male,Masters,1
40,34456,Male,Bachelors,0
32,106676,Male,Bachelors,0
44,103721,Female,PhD,0
28,57924,Female,Bachelors,0
68,44240,Male,Masters,0
67,107381,Male,Masters,1
34,29228,Female,Masters,0
68,41686,Female,Bachelors,1
31,31920,Female,Masters,0
44,27432,Male,Masters,0
35,83575,Male,Bachelors,1
45,91725,Female,Bachelors,0
68,113575,Male,Bachelors,1
64,53910,Female,Bachelors,1
64,50226,Male,PhD,0
21,93150,Male,Bachelors,0
24,79099,Female,Bachelors,0
62,106760,Female,Masters,0
52,38013,Male,Masters,0
65,41446,Female,Bachelors,1
26,90375,Male,Bachelors,1
25,82509,Female,Bachelors,0
69,115739,Female,Masters,0
62,20557,Male,Masters,1
34,50666,Male,Bachelors,1
34,57389,Male,Masters,1
66,67700,Female,Masters,0
50,119143,Female,Bachelors,0
49,44578,Male,Masters,1
25,94779,Female,Bachelors,1
36,29596,Male,PhD,0
55,77500,Male,PhD,1
20,92534,Male,PhD,0
22,30129,Male,Masters,1
30,83394,Male,PhD,0
64,86046,Female,Masters,1
63,31596,Female,Bachelors,1
48,85355,Male,PhD,1
33,32974,Female,Masters,1
67,86673,Male,PhD,0
49,113433,Female,Masters,1
39,90202,Female,Masters,0
46,94442,Male,Bachelors,1
39,41818,Female,Masters,1
60,63246,Male,Masters,0
20,75598,Female,PhD,1
27,22654,Male,Bachelors,1
59,53758,Male,Masters,0
38,44204,Male,PhD,1
33,54928,Male,Bachelors,1
29,73609,Male,Masters,1
19,50552,Male,PhD,0
58,30336,Female,Bachelors,1
41,67037,Male,Bachelors,0
52,36206,Female,Bachelors,0
47,54831,Male,Bachelors,0
47,63563,Female,Masters,0
64,38361,Male,Masters,1
52,61335,Male,Bachelors,1
36,94469,Female,Bachelors,0
67,45816,Male,Masters,1
25,35619,Male,PhD,1
43,112479,Male,Bachelors,1
66,46819,Male,Masters,1
57,31741,Female,Masters,1
24,28798,Male,PhD,1
47,45143,Female,Masters,0
24,69695,Male,Bachelors,1
20,52747,Male,Masters,0
18,119187,Male,Bachelors,1
53,41182,Male,Masters,0
42,29415,Female,Bachelors,1
54,31085,Male,Bachelors,0
18,35008,Male,Masters,0
32,107638,Male,Bachelors,1
54,38452,Female,Masters,1
30,84075,Female,Masters,0
57,28120,Female,Masters,1
25,84385,Female,Bachelors,1
22,93356,Male,Masters,1
26,38170,Male,PhD,1
18,36259,Female,Bachelors,0
53,42099,Male,PhD,1
52,29649,Male,PhD,1
19,115791,Female,PhD,1
57,79258,Male,PhD,1
40,61037,Female,Masters,0
26,31805,Female,PhD,1
51,63147,Female,Bachelors,1
63,94280,Female,PhD,1
31,66053,Female,PhD,0
21,117841,Female,PhD,1
47,111393,Male,Masters,0
48,96215,Male,PhD,1
55,115365,Male,PhD,1
28,30985,Female,PhD,0
52,113823,Female,Bachelors,0
25,32391,Female,Masters,1
20,24861,Male,Masters,1
31,83582,Male,Masters,1
30,71928,Female,Bachelors,1
62,54364,Female,PhD,1
49,102399,Female,Bachelors,0
51,117035,Female,Masters,1
62,113330,Female,Masters,0
36,62923,Male,Masters,0
55,27919,Female,Bachelors,1
33,75896,Female,Masters,1
19,105818,Female,PhD,0
57,67396,Female,Bachelors,0
34,54840,Male,PhD,1
51,62255,Female,Masters,0
59,91160,Female,Masters,0
33,119242,Female,Bachelors,0
55,28176,Male,PhD,1
19,53529,Female,Bachelors,1
19,76406,Male,PhD,0
43,32941,Female,Masters,0
30,21669,Female,Bachelors,1
64,105782,Female,Bachelors,1
48,64859,Female,PhD,0
51,75786,Female,Masters,1
56,71083,Female,Masters,1
20,60076,Female,PhD,1
25,40323,Female,PhD,1
40,119430,Female,PhD,1
31,26021,Male,PhD,0
44,59807,Male,PhD,0
46,70355,Male,Masters,1
56,64732,Male,Masters,1
56,28711,Female,Bachelors,1
18,83079,Female,Masters,1
34,27904,Male,PhD,0
58,84033,Male,Masters,0
47,106478,Male,Masters,1
30,109787,Male,Masters,1
38,75096,Female,Bachelors,1
36,110594,Male,Bachelors,1
36,23093,Female,PhD,1
42,44918,Female,PhD,0
39,92743,Female,Bachelors,0
48,82636,Male,Masters,1
34,78806,Male,Masters,1
40,29394,Female,Bachelors,0
49,112510,Male,PhD,0
27,113708,Male,Masters,0
27,117819,Female,PhD,1
53,33280,Female,Masters,0
25,56303,Male,PhD,1
69,47453,Female,Masters,1
37,80695,Male,PhD,0
49,88449,Male,PhD,1
67,45765,Female,PhD,0
31,22340,Female,Bachelors,1
67,111715,Male,PhD,0
45,113409,Female,Bachelors,0
63,58057,Male,Bachelors,0
69,20597,Female,PhD,0
41,77988,Male,Bachelors,1
32,114655,Female,Bachelors,0
39,35025,Male,Bachelors,0
47,27145,Male,Masters,0
21,75797,Female,PhD,0
30,61723,Male,Bachelors,1
40,93230,Male,PhD,0
25,24830,Male,Bachelors,1
35,43930,Male,PhD,1
29,43752,Male,Bachelors,1
48,96025,Female,Masters,0
31,118228,Male,Masters,1
51,101304,Male,Masters,0
35,82040,Male,Bachelors,0
51,87696,Female,PhD,0
28,84648,Female,Bachelors,1
58,75030,Male,Masters,0
29,76815,Male,Bachelors,1
66,105669,Female,PhD,1
32,55690,Female,Masters,1
48,108406,Male,Bachelors,1
66,110032,Female,PhD,0
46,77923,Male,Masters,0
43,56572,Male,PhD,0
35,74030,Male,PhD,0
49,87904,Female,Masters,0
39,49203,Male,Bachelors,1
55,97088,Male,Bachelors,1
34,25608,Female,Bachelors,1
40,65667,Male,Bachelors,0
41,75547,Male,PhD,1
67,42485,Male,Bachelors,0
25,29862,Female,Bachelors,1
58,95948,Female,PhD,1
23,106890,Male,PhD,1
22,91880,Female,Masters,0
61,77560,Male,PhD,0
46,103529,Male,Masters,0
45,114218,Female,Masters,0
28,48415,Female,Bachelors,1
18,84523,Male,Bachelors,0
60,39323,Female,Bachelors,0
36,73214,Female,PhD,1
26,37997,Female,PhD,1
44,77003,Male,Bachelors,1
51,23679,Male,Bachelors,0
61,115025,Female,PhD,1
21,60308,Male,Masters,1
53,95024,Male,Masters,0
35,59842,Female,Bachelors,1
32,85408,Male,Bachelors,0
68,89532,Female,Bachelors,0
30,73938,Male,Masters,0
36,25695,Male,Bachelors,1
66,115740,Female,Masters,1
23,78499,Male,PhD,1
65,43382,Female,PhD,0
29,34235,Male,PhD,1
68,82223,Male,Bachelors,0
54,22366,Male,PhD,1
34,47467,Female,Masters,0
40,79316,Male,Masters,0
43,26764,Male,Masters,0
46,110896,Female,Bachelors,0
50,81836,Female,Bachelors,0
44,51923,Male,Masters,0
42,115711,Female,Masters,0
27,36292,Female,Masters,0
64,21614,Female,Masters,0
40,40939,Female,PhD,0
38,38800,Male,Masters,0
38,76440,Female,Bachelors,0
60,43246,Male,Bachelors,1
30,72805,Male,Bachelors,1
54,69648,Male,Bachelors,0
50,76851,Female,Bachelors,1
41,51688,Female,Masters,0
61,113498,Male,Masters,1
28,49764,Male,PhD,0
34,52470,Female,PhD,1
21,58501,Female,PhD,0
64,77207,Male,Masters,1
42,82157,Female,PhD,0
47,23216,Female,Masters,1
26,42072,Male,Bachelors,1
38,113778,Female,Masters,1
37,57132,Female,Masters,0
36,37861,Male,Bachelors,1
36,84186,Female,Bachelors,1
29,24960,Male,Bachelors,0
54,38781,Female,PhD,0
59,51126,Male,PhD,1
34,42578,Female,PhD,0
54,37883,Male,Bachelors,1
65,49782,Female,PhD,1
56,76387,Female,Bachelors,0
45,36979,Female,Bachelors,1
58,53746,Male,Bachelors,1
52,86266,Female,PhD,0
64,20056,Male,PhD,0
65,51457,Female,Bachelors,1
35,22243,Female,PhD,1
31,75031,Female,Masters,1
52,21701,Female,PhD,0
61,76381,Female,Bachelors,1
58,70438,Female,Bachelors,1
24,93839,Male,Bachelors,1
58,100636,Male,Masters,0
30,86483,Female,Bachelors,1
35,40505,Female,Bachelors,1
54,26553,Female,PhD,0
30,53525,Female,Masters,0
53,100402,Female,PhD,1
48,116008,Male,Bachelors,0
19,64348,Female,Bachelors,1
33,91187,Female,Masters,1
26,27273,Male,Bachelors,0
26,84236,Male,Masters,1
55,95569,Male,PhD,1
28,23535,Female,Masters,1
39,38677,Female,PhD,1
50,103024,Female,Bachelors,1
53,20908,Female,PhD,0
62,90153,Female,PhD,1
40,115967,Male,PhD,1
62,108989,Female,Masters,0
62,55079,Female,PhD,0
51,101556,Female,Masters,0
26,69323,Male,Masters,0
41,65320,Female,Masters,0
25,112098,Female,Bachelors,0
24,109909,Female,Bachelors,0
53,66105,Female,Bachelors,0
35,50164,Male,Masters,1
20,21885,Male,Bachelors,1
45,77819,Male,PhD,0
23,21049,Female,Masters,1
61,73281,Male,Bachelors,1
61,63271,Male,Masters,1
38,86697,Female,Bachelors,1
45,86351,Female,PhD,1
57,56534,Male,Masters,0
18,113034,Male,Bachelors,0
53,78097,Male,Bachelors,1
38,73813,Male,PhD,0
60,45037,Female,PhD,1
52,56007,Female,Bachelors,1
30,99478,Male,Bachelors,1
66,47278,Male,Masters,0
27,28272,Male,Masters,1
61,77183,Female,Bachelors,1
64,119173,Female,PhD,1
27,58294,Female,Masters,0
63,93277,Male,Bachelors,1
30,82509,Female,PhD,0
54,24694,Male,PhD,1
55,115842,Male,Bachelors,1
41,78150,Female,Bachelors,1
19,87470,Male,Masters,0
39,41556,Female,Bachelors,1
34,84471,Female,Masters,1
53,69855,Male,PhD,1
31,69086,Male,Masters,1
27,38907,Female,Bachelors,1
52,91695,Female,Masters,1
42,68487,Female,PhD,0
20,49158,Female,PhD,1
64,40293,Female,Bachelors,0
55,65761,Female,Masters,1
34,119468,Female,Bachelors,0
29,53387,Male,Bachelors,1
69,60750,Female,PhD,0
41,88602,Male,Masters,1
46,41256,Male,Bachelors,0
60,25594,Female,PhD,1
42,22460,Female,Bachelors,0
53,92356,Female,Masters,1
43,74698,Female,Bachelors,1
55,36191,Female,Masters,1
18,104631,Male,PhD,0
37,30529,Male,PhD,0
45,52175,Female,Bachelors,0
33,37675,Female,PhD,1
64,63158,Female,Bachelors,0
34,66798,Female,Bachelors,1
57,90910,Male,Masters,1
45,45976,Male,Bachelors,1
29,83116,Male,Masters,1
44,98678,Female,Bachelors,1
59,82821,Female,Masters,1
64,32204,Female,PhD,1
47,75665,Male,Bachelors,0
58,27394,Male,Masters,0
51,84814,Male,Bachelors,1
54,53593,Female,Masters,1
23,61964,Male,Masters,0
24,97188,Female,Bachelors,1
49,119276,Male,Bachelors,0
49,73365,Female,PhD,1
42,20443,Female,PhD,1
50,109439,Female,PhD,0
24,119058,Female,Bachelors,0
69,48180,Male,PhD,1
29,68791,Male,Masters,1
33,106655,Male,Bachelors,0
33,95899,Female,Masters,0
60,63665,Male,Masters,0
53,117077,Female,Masters,1
30,23465,Male,Bachelors,0
24,88247,Male,Bachelors,1
53,71559,Female,PhD,0
64,45198,Female,PhD,0
68,74740,Female,PhD,0
26,42488,Male,PhD,0
49,58515,Female,Masters,1
28,109144,Male,Bachelors,1
25,47898,Male,PhD,0
50,21919,Male,Masters,1
40,70070,Female,Bachelors,1
42,82613,Male,Bachelors,1
25,116707,Female,Bachelors,0
62,106135,Female,Masters,0
39,102501,Male,PhD,1
21,67003,Male,Bachelors,0
57,68478,Male,Masters,0
20,34434,Male,Bachelors,0
46,66246,Female,Masters,0
58,56649,Female,PhD,1
46,79030,Female,PhD,1
51,73061,Female,Bachelors,0
51,21999,Female,PhD,1
45,34849,Female,PhD,1
30,96439,Female,Masters,1
32,72800,Female,Masters,1
40,25445,Female,Bachelors,1
61,38040,Male,Masters,0
43,84315,Male,PhD,1
21,20246,Female,Masters,1
43,51153,Female,PhD,0
57,25212,Male,Bachelors,0
26,23339,Male,PhD,0
22,108678,Male,Masters,1
49,76238,Female,Masters,1
37,39394,Male,Masters,0
67,73871,Male,Masters,1
28,97722,Male,Bachelors,0
32,54607,Male,PhD,0
49,72055,Male,Masters,1
45,24395,Female,PhD,0
39,35290,Male,Bachelors,1
58,107687,Female,PhD,0
34,85078,Male,Masters,0
43,23691,Male,PhD,0
61,27470,Male,Masters,1
24,23841,Male,Masters,0
59,83197,Male,Bachelors,0
43,75773,Female,Bachelors,0
42,37776,Female,PhD,1
27,91596,Female,PhD,1
62,47584,Female,Masters,1
36,24300,Female,Masters,1
28,23338,Female,Masters,1
30,82601,Female,Masters,0
25,25487,Male,Bachelors,0
57,56282,Female,Masters,0
21,115065,Male,Bachelors,0
64,115798,Male,PhD,1
48,96816,Female,PhD,0
45,48804,Male,Bachelors,1
28,29915,Male,Masters,1
60,31158,Female,PhD,1
18,94157,Male,Bachelors,0
66,30547,Female,PhD,1
64,108713,Male,Masters,0
69,22459,Female,Bachelors,1
55,48768,Male,PhD,0
41,83146,Female,Masters,0
64,70870,Male,Bachelors,1
48,70460,Female,Bachelors,1
58,102970,Male,Bachelors,0
63,80817,Male,Bachelors,0
67,58247,Female,PhD,1
43,35419,Male,Bachelors,1
66,55577,Female,Bachelors,1
67,22921,Male,Bachelors,0
22,24676,Male,Bachelors,1
37,105961,Female,Bachelors,0
69,69684,Male,Masters,1
58,33463,Female,PhD,1
28,45474,Male,Masters,1
50,60935,Male,PhD,0
67,87005,Male,Bachelors,0
55,78596,Male,PhD,0
44,92828,Female,Bachelors,0
51,110945,Female,Bachelors,1
32,109062,Male,Masters,1
49,75152,Male,Masters,1
38,109001,Female,Masters,0
63,116491,Male,PhD,0
22,112321,Female,PhD,1
23,106569,Male,Masters,1
55,92467,Male,Masters,0
39,72576,Female,Bachelors,0
35,86627,Male,PhD,0
31,45772,Female,Bachelors,0
27,36363,Female,PhD,1
63,48490,Female,Masters,0
30,79004,Female,PhD,1
48,73806,Female,PhD,1
47,20260,Female,Bachelors,1
20,95992,Male,Masters,0
47,42320,Female,Masters,1
23,98971,Female,Masters,1
46,62145,Male,Bachelors,1
25,83688,Female,Bachelors,0
61,68581,Male,Bachelors,1
62,112561,Female,PhD,1
60,113645,Female,PhD,1
61,40754,Female,Bachelors,0
50,89837,Male,Bachelors,0
34,27207,Male,Masters,1
65,47920,Female,PhD,1
28,107739,Female,PhD,0
30,107081,Male,Masters,0
67,44016,Male,Masters,0
28,116634,Male,Masters,1
48,80522,Female,Bachelors,0
45,94092,Male,Bachelors,0
61,74068,Male,Bachelors,0
23,40102,Male,Bachelors,0
58,21924,Male,Bachelors,1
33,105015,Male,PhD,0
21,74333,Male,PhD,1
52,104458,Male,PhD,0
65,104196,Female,Masters,1
43,66099,Male,PhD,1
29,77346,Female,Masters,1
28,95481,Female,PhD,1
54,70062,Male,Bachelors,0
42,20306,Female,PhD,1
35,108495,Female,Bachelors,1
36,89767,Male,Bachelors,1
40,32207,Female,PhD,1
55,59426,Male,PhD,1
35,26336,Male,Bachelors,0
43,95166,Male,Masters,1
23,37256,Male,Masters,1
21,119445,Male,PhD,1
61,69817,Male,Bachelors,1
68,53719,Male,Masters,1
46,62017,Female,PhD,0
51,65704,Male,PhD,0
34,50013,Female,Bachelors,0
60,99991,Male,Masters,1
60,90258,Male,PhD,1
33,98348,Male,Masters,0
19,115812,Female,PhD,1
51,56776,Female,PhD,0
25,30060,Female,Masters,1
30,98592,Female,Masters,1
59,26655,Female,Bachelors,1
25,108110,Female,Bachelors,0
47,69923,Male,Bachelors,0
49,98563,Male,Bachelors,0
53,24030,Female,Masters,0
64,109779,Female,Bachelors,0
47,53289,Female,Masters,0
18,39739,Female,PhD,1
60,119704,Female,Masters,0
56,81687,Male,Bachelors,0
34,56491,Male,Masters,0
37,115549,Male,Masters,0
41,92115,Male,Masters,1
67,103778,Male,Masters,0
39,24781,Male,Masters,0
46,40448,Male,Bachelors,0
39,71550,Male,Masters,0
61,69294,Female,Bachelors,1
26,41446,Female,PhD,1
54,96579,Male,Masters,1
27,105389,Male,PhD,0
53,105615,Male,Bachelors,0
54,37101,Female,Masters,0
45,86178,Female,PhD,1
45,48016,Male,Bachelors,1
59,38932,Female,PhD,0
60,64653,Male,Masters,0
38,110481,Male,Masters,0
41,72802,Male,Masters,1
59,27549,Male,Bachelors,0
57,98933,Male,PhD,1
19,45362,Female,Bachelors,1
25,67842,Male,PhD,1
65,66539,Male,Bachelors,1
44,53717,Male,Masters,0
39,74596,Male,PhD,1
54,43016,Female,PhD,0
44,75200,Male,PhD,1
46,100268,Male,Bachelors,0
20,80287,Female,Masters,1
61,112447,Male,PhD,1
30,103402,Male,Bachelors,1
62,62607,Male,PhD,0
27,47621,Male,Masters,1
53,32823,Female,PhD,1
26,49986,Male,Masters,1
44,84325,Male,Bachelors,1
51,77771,Female,Bachelors,0
68,74973,Male,Masters,0
18,34690,Male,Masters,0
49,59107,Female,Bachelors,0
42,77888,Male,Masters,1
46,30956,Female,Masters,1
24,106839,Male,PhD,1
66,76227,Female,Bachelors,0
20,56533,Male,Bachelors,1
37,115210,Male,Masters,0
37,76234,Female,Masters,0
47,87594,Male,Masters,0
52,76901,Female,Bachelors,1
52,31519,Female,PhD,1
66,51115,Female,Bachelors,1
56,86266,Female,PhD,0
44,21832,Male,Masters,1
43,61368,Female,Bachelors,1
31,108425,Male,PhD,0
34,89715,Male,Bachelors,1
35,91835,Female,PhD,1
62,93366,Female,PhD,0
69,57570,Male,Bachelors,0
46,107977,Female,Masters,1
37,26615,Male,Bachelors,0
44,92298,Female,Masters,1
35,58311,Male,PhD,1
21,110245,Male,PhD,0
18,43434,Female,Bachelors,0
67,106879,Male,Bachelors,0
18,35739,Male,Masters,0
43,86202,Female,Masters,1
62,118580,Female,Bachelors,0
37,113419,Female,Masters,0
69,99599,Female,Masters,0
40,53649,Female,Bachelors,0
27,67445,Male,Bachelors,1
28,59470,Male,PhD,0
58,94965,Female,PhD,0
58,68621,Male,Bachelors,1
22,52926,Male,PhD,0
18,57997,Male,Masters,1
34,79940,Male,Bachelors,1
39,60724,Male,PhD,1
51,117805,Female,Bachelors,1
62,51704,Female,PhD,0
58,48391,Male,Bachelors,1
46,83291,Male,Masters,0
21,109723,Female,PhD,1
22,22526,Female,Bachelors,1
28,44686,Female,Masters,0
68,93339,Female,PhD,0
38,118204,Male,PhD,1
52,26574,Female,Bachelors,0
29,28733,Female,Masters,1
43,70290,Male,Bachelors,0
68,92793,Female,PhD,1
36,56051,Female,Bachelors,0
62,35909,Female,Bachelors,0
24,109682,Female,Masters,1
64,97338,Female,Masters,1
24,93432,Male,PhD,1
43,48133,Male,Masters,0
57,71571,Male,Bachelors,0
22,99062,Male,PhD,1
38,70908,Male,Masters,0
31,31278,Female,Bachelors,1
21,71458,Female,Bachelors,0
40,84265,Female,PhD,0
59,76782,Female,PhD,0
37,75415,Female,Masters,1
32,111087,Female,Masters,0
67,74160,Female,Masters,0
69,74399,Female,Masters,0
62,45298,Female,PhD,0
46,42191,Female,Bachelors,1
25,76964,Female,Bachelors,0
58,53092,Female,Masters,0
65,109407,Female,PhD,0
36,95257,Male,Masters,0
65,82513,Female,Masters,1
56,71097,Male,PhD,0
63,50279,Female,Bachelors,0
45,34404,Female,Bachelors,0
63,90022,Female,Masters,0
44,55198,Male,PhD,1
21,114223,Male,Bachelors,0
32,69997,Female,Bachelors,0
52,98692,Female,PhD,1
54,20567,Female,PhD,0
18,81032,Female,Bachelors,1
20,22179,Male,Masters,0
64,22019,Male,Masters,0
41,101455,Female,Bachelors,0
44,105239,Male,Masters,0
57,38704,Male,Masters,0
53,38030,Female,PhD,0
51,89445,Female,PhD,0
46,93551,Female,PhD,0
41,23420,Male,Masters,0
41,79875,Female,PhD,0
59,67653,Male,PhD,0
21,36740,Female,Bachelors,0
20,85263,Female,PhD,1
51,115864,Male,Bachelors,0
66,84559,Male,Masters,1
40,39465,Male,PhD,1
69,71432,Male,Bachelors,0
40,24131,Male,Bachelors,1
62,30652,Male,Bachelors,0
22,84973,Female,Masters,0
48,107043,Male,PhD,1
58,67147,Male,Masters,1
23,67671,Female,Bachelors,1
54,109342,Male,Masters,0
27,39171,Male,Masters,1
57,106129,Female,Bachelors,1
24,75692,Female,PhD,1
56,78541,Female,PhD,0
55,29470,Male,Masters,0
38,81344,Female,PhD,1
37,64308,Male,Bachelors,1
20,70639,Female,PhD,1
68,41326,Male,Masters,1
39,24597,Female,Bachelors,1
64,50788,Female,Bachelors,1
21,85020,Female,Bachelors,1
45,69477,Male,Masters,0
29,53071,Male,Masters,1
55,90603,Female,PhD,1
68,81923,Female,Masters,0
53,90560,Female,Bachelors,1
64,93251,Female,Masters,0
58,77492,Male,Masters,1
22,51770,Female,PhD,0
30,96762,Female,Bachelors,1
40,55399,Male,PhD,1
67,98948,Male,PhD,0
47,77439,Female,PhD,0
54,64415,Female,Bachelors,0
42,32569,Male,PhD,1
65,22369,Male,Bachelors,1
44,117557,Female,PhD,1
68,20528,Male,PhD,1
31,50314,Male,Bachelors,1
65,38047,Female,Masters,0
64,39748,Female,PhD,1
53,55109,Male,Masters,0
56,33919,Female,PhD,0
33,67498,Female,Masters,1
39,75808,Female,Masters,1
38,100792,Female,Masters,0
38,90441,Female,Masters,1
25,94420,Male,Masters,0
66,48906,Male,Bachelors,1
33,91486,Female,Masters,0
48,86896,Female,Bachelors,1
59,41946,Female,PhD,1
27,67020,Male,Bachelors,1
49,94266,Male,Masters,0
51,42161,Male,Bachelors,1
26,47738,Male,Masters,0
34,23925,Female,Bachelors,1
28,28463,Female,PhD,1
49,77153,Male,Masters,0
27,102948,Male,Masters,0
39,81009,Female,Bachelors,0
34,107938,Female,Bachelors,1
21,119546,Female,Bachelors,1
65,111253,Female,Bachelors,1
69,61552,Female,Bachelors,1
64,76271,Male,Masters,1
42,29797,Female,PhD,1
38,106130,Male,Bachelors,1
54,91942,Male,Masters,0
55,33965,Female,PhD,1
66,33733,Male,PhD,0
18,73223,Male,Bachelors,1
42,46926,Female,Masters,0
68,48783,Male,Masters,0
53,103360,Female,Masters,0
34,56394,Female,Masters,1
58,84796,Male,Masters,0
41,48287,Female,PhD,0
19,102104,Female,PhD,0
57,50436,Male,PhD,0
32,106916,Female,Masters,1
49,110332,Male,PhD,1
56,93567,Male,PhD,1
23,107483,Female,Bachelors,1
18,23188,Male,PhD,0
64,111205,Female,Bachelors,1
40,117349,Male,Masters,0
56,26765,Female,Masters,1
34,71626,Female,Masters,0
51,108707,Male,Masters,0
58,30807,Male,PhD,0
46,30204,Female,Bachelors,0
26,112602,Female,Masters,1
30,77944,Male,Masters,1
23,62120,Female,Bachelors,0
23,42658,Female,Bachelors,0
37,57081,Male,Bachelors,1
69,54986,Male,Bachelors,1
20,99322,Female,Bachelors,1
34,114819,Male,PhD,0
66,70304,Male,Bachelors,0
29,85592,Female,PhD,0
65,78548,Male,Bachelors,0
64,118447,Male,Bachelors,1
62,59986,Female,Masters,0
18,94095,Male,Masters,1
34,111594,Female,Masters,0
20,108281,Male,Masters,1
43,86151,Male,Masters,0
32,93598,Female,Masters,1
53,48214,Male,Bachelors,1
49,58745,Male,Bachelors,0
49,62548,Male,Masters,1
21,30681,Male,Masters,1
35,26984,Male,Masters,1
66,47579,Male,Bachelors,0
36,110810,Female,Masters,0
60,74933,Male,Masters,0
69,47399,Male,Bachelors,0
52,51481,Female,Bachelors,1
57,20944,Female,PhD,1
31,113993,Female,Masters,0
50,29114,Male,Bachelors,1
31,59846,Female,PhD,0
51,103666,Female,Bachelors,0
21,97848,Male,PhD,1
41,52596,Female,PhD,0
46,95287,Male,Masters,1
36,26907,Male,Masters,0
23,48114,Male,PhD,0
50,45009,Male,Masters,0
66,104846,Male,Bachelors,1
57,70241,Female,Bachelors,0
36,55725,Male,PhD,1
18,38996,Female,PhD,0
22,26047,Male,Bachelors,0
44,48767,Female,Bachelors,1
33,36347,Male,PhD,1
23,44102,Male,Bachelors,1
57,24263,Male,Bachelors,1
30,87438,Female,PhD,1
65,116359,Female,Masters,1
52,50540,Female,Bachelors,0
36,95726,Male,Masters,1
29,83769,Male,Masters,0
33,60843,Female,Bachelors,0
60,47690,Male,Masters,0
27,22994,Female,PhD,1
42,87546,Male,Bachelors,0
37,27377,Female,Bachelors,0
48,98572,Female,Masters,0
21,46467,Male,Bachelors,1
61,20048,Female,Bachelors,0
40,56978,Male,Masters,1
19,67606,Male,Masters,0
39,101574,Male,Bachelors,1
68,118112,Female,Bachelors,1
54,93414,Female,PhD,0
25,113145,Female,PhD,0
24,69222,Male,Bachelors,1
31,68115,Male,Bachelors,1
20,109606,Female,PhD,1
67,60647,Male,Masters,0
33,74607,Male,Bachelors,0
36,77410,Female,PhD,0
68,41996,Female,PhD,0
35,74921,Male,Bachelors,0
69,103697,Male,Bachelors,1
33,66022,Female,PhD,1
25,60148,Female,Bachelors,1
50,87764,Male,Masters,1
66,111901,Male,Bachelors,1
29,110724,Male,PhD,1
28,28888,Female,PhD,0
22,108666,Male,Bachelors,1
44,59159,Male,PhD,0
29,62197,Male,Masters,0
34,104326,Male,Bachelors,0
23,110360,Male,Bachelors,0
50,118941,Male,PhD,1
22,44474,Female,Masters,1
45,37333,Female,Bachelors,0
31,56355,Female,PhD,0
22,119415,Male,Bachelors,1
50,93903,Female,Masters,1
67,86258,Male,PhD,1
65,51145,Male,Bachelors,0
58,95675,Male,PhD,1
36,69854,Male,PhD,1
39,87664,Male,Masters,0
22,106153,Female,Masters,0
19,113616,Female,Bachelors,1
47,55285,Female,PhD,0
64,37533,Male,PhD,0
56,52624,Female,PhD,0
21,66996,Male,Bachelors,0
50,66947,Female,Masters,0
30,47956,Female,Masters,1
37,71030,Female,PhD,1
24,78597,Female,Bachelors,1
32,62443,Female,PhD,1
40,118613,Female,Masters,1
31,85464,Male,PhD,0
40,23952,Male,PhD,1
36,76880,Male,PhD,1
46,72201,Male,Masters,0
37,62460,Male,Bachelors,1
46,42796,Female,PhD,1
41,51746,Male,Masters,1
35,106785,Male,PhD,1
27,20015,Male,Bachelors,0
58,69757,Male,PhD,0
25,45957,Male,Bachelors,0
43,101541,Male,Masters,0
46,41292,Male,Bachelors,1
27,51876,Male,Bachelors,1
34,80727,Male,Masters,1
19,67046,Female,Bachelors,1
23,34817,Male,Bachelors,1
22,111006,Male,Masters,1
45,29759,Female,Bachelors,1
58,68432,Female,Bachelors,0
22,26412,Male,PhD,0
35,77757,Male,Bachelors,0
43,40504,Male,Bachelors,0
37,28507,Female,Bachelors,0
58,41050,Male,Masters,0
66,24820,Female,Bachelors,0
44,27835,Female,Masters,1
66,113167,Female,Masters,1
29,33587,Female,Bachelors,1
24,77732,Female,Bachelors,1
20,71921,Male,Bachelors,0
27,65499,Male,Bachelors,0
51,26840,Female,Bachelors,0
42,85077,Female,Bachelors,0
52,51440,Female,Bachelors,1
33,55183,Female,Masters,1
19,116172,Male,PhD,1
41,22389,Female,Masters,1
27,75076,Female,Bachelors,0
55,86299,Male,PhD,0
39,109461,Male,PhD,1
43,112085,Male,Bachelors,1
60,59023,Male,Bachelors,1
56,70029,Female,Masters,1
44,59941,Female,PhD,1
46,108993,Female,PhD,1
64,73950,Female,Bachelors,0
55,106959,Female,Bachelors,0
37,96054,Female,PhD,1
44,85363,Female,PhD,0
58,81742,Female,Bachelors,0
37,117896,Female,Bachelors,0
61,65215,Male,Bachelors,1
36,67857,Female,Masters,0
37,75476,Male,Masters,0
52,48173,Male,Bachelors,0
64,29395,Male,Masters,0
19,79768,Male,PhD,0
47,104743,Female,PhD,0
51,66229,Male,Bachelors,0
39,46639,Male,PhD,1
20,82583,Female,PhD,0
23,48924,Male,PhD,0
32,92969,Female,PhD,0
44,50104,Female,PhD,1
27,57594,Female,Masters,0
26,23664,Female,Masters,1
50,30528,Male,Bachelors,0
49,48190,Female,PhD,1
65,86033,Male,Masters,1
23,81161,Male,Masters,1
58,93177,Female,Masters,0
53,90179,Male,PhD,1
19,90592,Female,Masters,0
46,52899,Male,Bachelors,0
21,90979,Male,Bachelors,0
18,37241,Male,PhD,1
36,66211,Male,Bachelors,0
43,83472,Female,Masters,1
42,94248,Female,PhD,0
27,93757,Male,Bachelors,0
32,51346,Male,PhD,0
39,101196,Male,Masters,0
68,97124,Male,Bachelors,0
65,62220,Female,Masters,0
38,37942,Male,Bachelors,0
39,69167,Male,PhD,1
53,56373,Male,Bachelors,0
51,87143,Female,Bachelors,0
47,22016,Male,Bachelors,1
42,89110,Female,PhD,1
62,66309,Female,Bachelors,1
45,27274,Male,Masters,0
18,35748,Male,PhD,1
66,40175,Male,PhD,0
62,31826,Female,Masters,1
21,103008,Female,PhD,0
24,54129,Male,Bachelors,1
66,90009,Female,PhD,0
26,43490,Male,Masters,0
53,61435,Male,PhD,0
36,95017,Male,Masters,1
18,28520,Male,PhD,1
27,111951,Male,Masters,1
53,103106,Male,PhD,1
26,81877,Female,Bachelors,1
62,39798,Female,Masters,0
63,74638,Female,Masters,1
59,89072,Male,PhD,0
49,87309,Male,PhD,0
49,49894,Male,PhD,0
23,82963,Female,Bachelors,0
65,74567,Male,PhD,1
55,55326,Female,Masters,1
34,75059,Male,PhD,1
27,25079,Female,Bachelors,1
67,45838,Male,PhD,1
44,107340,Male,PhD,1
67,67109,Female,Masters,0
52,105211,Female,PhD,1
69,45594,Female,Bachelors,0
38,62749,Male,PhD,0
42,56292,Female,PhD,0
45,94534,Female,Masters,0
64,99233,Male,PhD,1
32,71818,Male,Masters,1
21,33429,Female,Masters,0
46,77748,Male,PhD,1
26,68807,Female,Masters,0
44,27140,Female,Masters,0
43,83226,Female,PhD,0
36,34901,Male,PhD,0
45,108815,Female,Bachelors,1
34,48525,Female,Bachelors,0
60,40491,Male,Masters,1
58,88816,Female,Masters,0
59,54980,Female,PhD,1
67,115525,Female,Bachelors,1
37,28078,Male,Bachelors,1
62,111654,Female,PhD,0
57,109521,Male,PhD,0
56,68704,Male,PhD,1
66,36997,Female,PhD,1
40,99810,Female,Bachelors,0
64,20868,Male,PhD,1
49,46398,Female,PhD,1
69,101578,Female,Bachelors,1
64,117356,Male,PhD,0
50,41246,Female,Bachelors,0
63,40561,Female,Bachelors,0
22,36254,Male,PhD,0
60,54512,Female,PhD,0
65,109532,Male,Masters,0
51,114154,Male,Masters,1
57,97395,Female,Bachelors,1
28,77865,Male,Bachelors,1
67,43580,Female,Masters,1
20,90959,Female,Bachelors,1
50,92144,Male,Masters,1
28,62485,Male,PhD,0
33,70621,Male,PhD,1
35,70665,Male,PhD,1
47,90412,Male,Bachelors,0
65,70603,Male,PhD,0
27,41038,Female,Bachelors,1
35,113542,Female,PhD,1
55,116346,Male,Bachelors,1
36,34325,Female,Bachelors,0
53,55892,Male,Masters,0
30,21753,Male,Masters,0
63,115067,Female,Masters,0
20,37996,Female,Bachelors,1
27,88811,Male,Masters,1
55,94283,Male,Masters,1
18,65211,Male,Masters,0
44,82820,Female,Bachelors,0
63,20824,Male,Bachelors,1
25,33880,Male,Masters,1
68,86617,Female,Masters,1
63,31517,Female,Bachelors,0
59,41683,Female,Bachelors,1
34,36876,Male,Masters,0
26,76354,Male,Masters,1
23,93802,Female,Masters,1
60,96719,Male,Bachelors,0
42,106602,Male,Masters,0
56,98413,Female,Bachelors,0
66,29982,Female,PhD,1
45,94504,Male,Masters,0
50,46598,Female,PhD,1
54,34639,Female,Bachelors,0
26,90210,Male,PhD,1
35,89852,Male,Masters,0
38,29695,Male,PhD,0
19,68582,Male,PhD,1
60,51094,Male,PhD,0
55,80635,Male,Bachelors,1
57,42187,Female,Masters,1
53,21214,Female,Bachelors,1
67,43940,Female,PhD,0
60,64406,Male,PhD,1
54,111221,Male,Bachelors,0
32,63481,Male,Bachelors,0
45,35977,Male,PhD,1
35,64839,Male,Masters,0
51,77874,Female,Bachelors,1
39,78414,Male,PhD,1
28,45538,Female,PhD,1
30,76241,Male,Masters,1
21,93501,Female,PhD,1
39,95133,Female,Bachelors,1
24,80481,Female,PhD,0
60,47740,Female,PhD,0
41,83328,Female,PhD,0
21,92105,Female,PhD,0
45,70643,Female,Masters,0
32,31881,Male,Bachelors,1
18,56996,Male,PhD,0
20,52177,Female,Bachelors,1
31,57177,Male,Masters,0
55,86126,Male,Bachelors,0
67,76531,Female,Masters,1
18,46119,Male,Bachelors,0
55,47915,Female,Bachelors,0
55,22708,Male,PhD,0
38,58749,Female,Bachelors,1
65,64989,Male,PhD,0
46,42106,Female,PhD,1
22,37131,Male,Bachelors,0
66,66553,Male,PhD,1
27,78144,Male,Bachelors,0
45,26553,Female,PhD,1
38,37881,Female,PhD,1
67,21379,Male,Masters,0
24,110791,Male,Masters,0
20,89306,Female,Bachelors,0
62,39726,Male,PhD,1
64,29088,Male,Masters,0
37,54314,Female,Masters,1
36,75041,Female,Masters,0
52,36350,Male,PhD,0
21,119599,Female,Bachelors,1
22,101397,Male,PhD,0
18,99509,Male,PhD,0
21,37769,Female,Masters,0
29,67249,Male,PhD,1
44,102862,Female,PhD,1
59,66365,Female,Masters,1
40,70185,Male,Masters,1
42,22786,Female,PhD,0
38,21620,Male,Masters,0
69,56303,Female,Bachelors,0
41,39589,Male,Bachelors,1
42,22882,Female,Bachelors,0
62,82248,Male,Bachelors,1
63,69322,Male,Bachelors,0
49,44524,Female,Masters,1
49,29745,Male,Masters,1
22,35861,Male,Bachelors,0
53,111707,Male,Bachelors,1
63,111735,Male,Bachelors,1
59,74261,Male,Masters,0
66,22837,Male,Masters,1
59,94135,Female,PhD,1
56,101447,Female,PhD,0
33,74380,Female,PhD,1
50,106089,Female,PhD,1
66,69831,Male,Masters,1
38,109349,Male,Masters,0
26,58255,Female,Masters,0
23,49520,Male,Masters,0
68,49541,Female,Bachelors,0
62,85772,Male,PhD,1
52,47350,Male,Masters,0
56,64397,Female,Masters,0
39,97085,Male,PhD,0
58,83865,Female,Masters,0
22,75956,Female,Bachelors,1
59,47453,Female,Masters,1
40,82345,Male,PhD,0
34,32906,Male,Bachelors,1
29,34988,Female,Bachelors,0
40,47723,Male,PhD,0
33,53800,Female,PhD,1
20,59107,Female,Bachelors,1
47,47430,Male,Masters,1
39,52535,Female,PhD,1
26,88476,Male,Bachelors,1
46,107329,Male,PhD,1
64,97798,Male,Masters,0
54,72284,Female,Masters,1
40,76232,Female,Bachelors,0
30,64420,Male,Masters,0
49,57710,Male,Masters,0
63,92497,Female,Masters,0
69,112035,Male,PhD,0
64,60498,Male,Bachelors,1
65,51283,Female,Bachelors,1
40,86169,Female,Bachelors,0
62,92358,Female,Masters,0
34,82457,Male,PhD,1
57,45968,Female,Bachelors,0
38,82508,Female,PhD,1
19,83220,Female,Bachelors,1
54,105366,Female,Masters,1
23,25738,Female,Bachelors,0
61,23098,Female,Bachelors,0
35,115424,Female,Masters,0
47,93633,Male,Masters,0
39,98672,Female,Bachelors,0
50,58244,Male,PhD,0
47,28253,Male,Masters,0
34,74333,Female,Bachelors,0
60,70969,Male,Masters,1
49,110744,Female,PhD,0
59,90423,Male,Bachelors,1
68,64411,Female,Bachelors,1
31,95028,Male,PhD,1
27,55421,Female,PhD,0
64,21454,Female,Bachelors,0
68,37522,Male,PhD,0
53,58575,Male,PhD,1
51,23192,Female,Bachelors,0
26,75268,Male,Masters,0
59,101311,Female,PhD,1
45,30402,Male,Masters,0
28,98610,Female,Masters,1
31,100781,Male,Masters,1
56,56527,Female,PhD,1
64,72181,Male,Bachelors,0
36,111472,Female,Bachelors,1
32,47002,Male,Bachelors,1
45,101219,Female,Bachelors,0
41,32460,Male,Bachelors,1
25,50482,Male,Bachelors,0
60,36447,Female,Masters,0
26,68228,Male,Masters,1
64,103265,Male,Masters,0
50,70126,Female,PhD,0
50,40545,Female,PhD,0
36,75114,Female,PhD,0
20,113740,Female,Bachelors,1
27,95350,Male,Masters,0
57,77801,Male,PhD,0
64,33890,Male,Masters,0
59,72482,Female,Bachelors,0
18,83397,Male,Masters,1
46,21740,Male,Bachelors,1
67,50121,Female,PhD,0
51,31218,Male,Bachelors,1
68,91591,Male,Bachelors,0
30,108241,Female,Masters,1
18,54722,Male,Bachelors,0
51,69431,Female,PhD,0
46,71543,Female,PhD,1
65,62000,Male,Bachelors,1
64,91975,Male,Masters,1
30,50921,Male,PhD,1
65,119265,Female,PhD,1
66,108747,Female,Bachelors,0
46,50614,Male,Bachelors,0
56,81189,Male,PhD,0
41,37601,Female,Bachelors,0
43,113332,Male,Bachelors,1
34,91543,Male,PhD,1
24,40514,Female,Masters,0
30,103312,Male,Masters,0
22,87612,Male,PhD,1
43,110886,Male,Bachelors,1
66,36292,Male,PhD,1
20,51510,Female,PhD,1
24,48000,Female,Bachelors,1
66,50383,Female,Masters,0
56,31785,Female,Masters,0
18,60910,Male,Bachelors,0
66,59028,Male,PhD,0
34,44855,Male,Bachelors,1
60,44281,Male,PhD,0
42,24841,Female,Bachelors,0
20,117204,Male,Bachelors,0
32,80155,Male,Masters,0
46,46918,Female,Masters,0
60,76313,Female,Bachelors,1
49,37443,Female,Bachelors,0
43,52250,Male,Masters,0
33,21922,Female,PhD,1
42,51976,Male,Masters,1
45,31991,Male,PhD,1
26,73744,Female,Masters,1
18,42733,Female,Masters,0
46,22473,Female,PhD,1
39,28108,Male,Bachelors,0
33,48715,Male,Masters,1
58,52210,Male,Masters,0
68,57317,Female,Masters,1
61,85516,Male,Bachelors,1
68,53362,Male,Masters,0
58,74604,Male,Bachelors,0
24,24889,Male,Masters,1
31,109557,Female,PhD,0
46,93748,Male,Masters,0
36,51971,Female,Masters,0
36,70551,Female,Bachelors,0
19,23201,Male,Bachelors,1
58,109882,Male,Bachelors,0
62,57958,Female,PhD,1
32,99251,Male,PhD,0
20,25681,Female,Bachelors,1
28,66870,Male,PhD,1
63,102256,Male,Bachelors,1
47,87203,Female,PhD,1
57,48152,Male,Bachelors,0
35,70061,Female,Bachelors,0
68,77619,Female,PhD,1
65,78235,Male,Masters,0
19,93740,Female,Bachelors,0
49,57890,Male,Bachelors,1
25,110073,Male,Masters,0
39,81401,Male,Bachelors,0
23,31217,Female,Bachelors,0
29,68351,Male,PhD,0
64,53741,Male,Masters,1
57,40654,Female,Bachelors,1
53,81314,Female,Bachelors,0
32,21408,Female,Masters,1
45,62903,Female,Masters,1
69,104208,Male,PhD,1
66,21218,Male,PhD,1
62,70572,Male,PhD,0
35,78798,Male,Bachelors,0
19,50105,Female,Masters,0
30,89634,Female,PhD,1
62,85063,Male,Masters,0
32,27619,Female,Bachelors,0
37,31939,Female,Bachelors,0
46,38226,Female,Masters,1
59,45322,Female,Masters,0
46,78215,Female,PhD,1
20,36878,Male,Masters,1
36,26560,Male,PhD,1
20,58278,Female,Masters,1
31,56212,Female,Masters,1
57,114835,Male,Masters,0
21,93079,Male,Bachelors,1
69,43946,Female,Bachelors,1
28,51740,Female,Bachelors,1
48,27253,Female,PhD,0
60,99311,Male,PhD,0
49,52813,Female,Bachelors,0
44,84331,Female,Bachelors,0
47,47632,Female,Masters,1
60,68365,Female,Masters,1
19,87593,Female,PhD,0
66,53431,Female,PhD,1
26,57436,Female,Masters,0
45,38413,Female,PhD,0
48,115761,Male,Bachelors,0
51,58485,Male,Masters,1
32,88232,Male,Masters,0
65,36101,Female,PhD,0
42,28831,Male,Masters,1
53,104583,Male,Masters,1
25,71897,Male,Bachelors,1
26,25004,Male,Masters,1
54,108241,Male,Masters,1
65,65924,Female,Masters,1
62,41509,Male,Masters,0
56,57170,Female,Bachelors,1
49,63555,Female,Masters,1
69,34662,Male,Bachelors,1
34,85930,Female,Bachelors,0
52,67403,Male,Bachelors,1
54,56365,Female,PhD,0
36,82188,Female,PhD,0
61,96060,Male,Masters,0
46,118633,Female,Bachelors,0
24,46673,Female,PhD,1
45,83471,Female,Masters,1
26,37156,Female,PhD,1
45,77287,Female,Bachelors,1
23,21645,Female,Masters,1
46,79076,Female,Bachelors,1
34,114585,Female,Bachelors,0
33,95351,Male,PhD,0
40,70151,Female,Masters,1
48,87384,Male,Masters,1
20,119865,Male,Masters,1
38,53541,Female,PhD,1
43,92847,Female,Masters,1
53,107099,Male,PhD,1
59,100739,Male,Masters,0
54,70955,Male,PhD,0
39,29290,Female,Masters,1
59,78942,Female,PhD,1
29,102667,Female,Bachelors,1
59,50143,Male,Bachelors,0
30,44509,Female,Bachelors,0
28,107780,Female,Masters,0
33,56741,Female,PhD,0
25,46898,Female,Bachelors,0
57,119919,Male,Masters,1
57,105674,Female,PhD,1
62,82948,Female,Bachelors,0
19,81768,Male,Bachelors,1
47,63262,Female,Masters,0
47,25506,Male,PhD,0
29,40605,Male,Masters,0
27,98590,Female,Bachelors,1
61,48231,Male,Masters,1
28,99397,Female,Masters,1
32,97123,Male,Bachelors,1
33,33515,Male,Bachelors,1
34,107211,Female,PhD,0
43,58622,Male,PhD,0
19,36600,Female,Bachelors,0
67,47892,Female,Bachelors,1
29,103279,Female,PhD,1
68,89310,Female,Masters,1
43,41801,Male,Bachelors,0
40,57695,Female,Bachelors,0
35,48853,Male,Masters,0
49,24429,Female,PhD,1
66,24606,Male,PhD,1
55,24478,Male,Masters,0
64,103816,Male,Bachelors,0
20,60134,Male,Masters,0
55,89963,Female,Bachelors,0
20,90897,Female,PhD,1
47,45475,Male,Bachelors,0
18,86177,Male,Bachelors,1
47,41730,Female,Bachelors,1
62,41113,Male,Bachelors,1
49,40011,Male,Bachelors,1
45,75746,Female,PhD,1
38,62853,Male,Masters,0
63,105195,Male,PhD,1
30,56818,Female,Bachelors,0
44,57321,Male,Masters,0
53,41309,Female,Bachelors,1
24,38688,Female,PhD,0
39,48176,Female,PhD,0
27,88879,Female,Bachelors,0
56,87592,Male,Bachelors,0
32,104728,Female,Masters,1
32,109012,Female,Masters,0
21,29416,Male,Bachelors,0
49,59994,Female,Masters,1
40,86422,Male,Bachelors,1
23,28584,Female,Bachelors,1
41,113302,Female,Bachelors,1
37,38830,Female,PhD,1
54,105825,Female,Bachelors,0
37,97066,Male,Bachelors,1
29,23591,Male,Bachelors,0
50,113878,Male,Masters,1
45,41395,Female,Bachelors,0
25,74182,Female,PhD,0
18,36738,Female,PhD,1
54,22631,Male,Bachelors,0
39,37905,Female,Bachelors,1
23,39056,Male,Bachelors,0
38,109082,Male,PhD,1
49,55447,Male,Masters,0
52,74418,Female,Masters,0
32,57190,Female,Bachelors,1
22,46014,Female,Masters,1
63,92999,Female,PhD,1
67,70278,Male,Bachelors,1
65,21780,Male,Masters,1
23,111643,Female,Bachelors,1
42,79258,Female,Bachelors,1
63,117123,Female,PhD,1
57,62192,Male,PhD,1
46,79300,Female,Masters,1
24,110504,Male,PhD,0
57,119129,Male,Bachelors,0
30,63923,Male,PhD,1
55,109196,Male,Masters,1
35,22395,Male,Masters,0
19,117384,Male,Masters,1
25,35779,Male,PhD,0
28,91028,Female,PhD,0
50,49722,Female,PhD,0
55,27111,Female,PhD,0
65,29984,Male,PhD,0
44,117552,Male,Masters,1
37,113176,Female,Masters,0
29,92328,Male,PhD,1
60,46924,Male,Bachelors,0
48,72703,Male,Masters,0
44,52577,Male,Bachelors,0
49,27711,Male,Bachelors,1
27,105548,Male,Masters,0
20,119869,Male,Bachelors,0
62,24096,Male,Bachelors,1
44,86555,Male,Masters,1
52,109848,Male,Masters,0
48,95012,Male,PhD,0
32,28254,Male,Masters,0
33,117955,Female,Bachelors,1
30,97120,Male,Masters,0
66,25965,Male,PhD,1
52,97000,Female,Masters,0
69,97975,Female,Bachelors,1
28,77987,Female,Masters,1
38,52963,Male,Bachelors,0
68,113976,Male,Masters,0
28,23273,Female,PhD,1
47,35330,Female,PhD,0
65,41494,Female,Masters,1
52,96422,Male,Bachelors,1
39,23212,Male,PhD,0
55,103441,Female,Bachelors,1
48,107594,Male,Masters,0
31,21080,Male,PhD,1
41,52675,Female,PhD,0
67,42007,Female,Bachelors,0
66,102641,Female,PhD,0
49,115815,Male,Bachelors,1
53,66815,Male,Bachelors,0
49,103482,Male,Masters,1
32,20639,Male,Bachelors,1
60,83593,Male,PhD,0
52,98038,Female,Bachelors,1
20,113899,Male,PhD,0
33,23736,Male,Bachelors,1
22,36473,Female,Masters,1
38,54019,Female,Masters,0
27,106623,Female,Bachelors,0
36,114025,Female,Bachelors,1
42,56820,Male,Bachelors,0
21,104861,Male,Masters,0
46,77589,Female,Bachelors,1
36,85807,Male,Bachelors,0
60,38414,Female,PhD,1
19,44220,Male,Masters,0
27,80531,Male,Masters,0
60,62425,Male,Bachelors,1
42,29387,Female,Bachelors,1
37,96815,Female,PhD,0
65,47584,Male,Bachelors,0
36,64783,Male,Masters,1
40,59809,Female,PhD,0
41,74327,Female,Masters,0
28,30857,Male,Bachelors,0
63,62261,Male,PhD,0
51,93588,Female,Masters,1
45,36995,Male,Masters,0
22,33580,Female,Masters,1
22,38240,Female,Bachelors,1
68,103446,Male,Bachelors,0
38,95752,Male,Bachelors,1
29,66111,Male,Bachelors,0
67,110447,Female,Masters,0
21,54866,Female,PhD,1
66,100974,Female,Bachelors,1
59,93401,Male,PhD,1
37,102093,Male,Masters,0
55,32211,Female,Bachelors,0
42,78985,Female,Masters,0
31,53268,Male,Bachelors,1
28,23646,Female,Bachelors,1
49,75371,Male,PhD,1
28,62816,Male,Masters,1
35,109460,Female,Masters,1
44,64112,Female,Masters,0
35,71048,Female,PhD,0
40,74911,Female,PhD,1
28,95446,Female,Masters,1
38,21778,Male,Masters,1
61,65752,Female,Bachelors,1
22,104977,Male,Bachelors,0
40,90726,Female,PhD,1
58,100840,Female,Bachelors,1
42,47289,Female,Masters,1
58,64788,Female,Masters,0
27,24747,Female,Bachelors,0
39,94822,Female,Bachelors,1
36,20045,Male,PhD,0
18,115278,Female,Bachelors,1
24,27758,Female,PhD,1
21,43437,Female,Bachelors,1
18,39585,Female,Bachelors,0
32,118759,Male,Bachelors,1
57,29854,Male,Bachelors,1
29,72076,Male,Masters,0
39,76950,Male,Masters,0
39,37349,Male,Masters,1
67,116228,Male,Bachelors,1
64,41348,Female,PhD,0
34,54296,Female,Bachelors,0
46,39455,Male,Masters,0
63,98824,Female,PhD,1
31,74021,Female,PhD,1
67,91923,Female,Masters,0
37,59293,Female,Bachelors,0
67,119430,Female,PhD,1
65,108552,Male,PhD,0
50,66116,Male,Masters,1
60,60484,Male,PhD,1
32,50215,Male,PhD,1
29,101638,Male,PhD,0
57,23404,Male,Bachelors,1
37,57260,Female,Bachelors,0
47,85642,Male,Masters,0
55,100731,Female,Bachelors,0
20,66009,Female,PhD,0
45,112689,Male,Bachelors,1
43,49605,Male,PhD,1
47,73205,Male,PhD,1
30,57569,Female,Bachelors,0
30,25580,Male,Bachelors,1
19,25400,Male,Bachelors,1
54,59643,Male,Bachelors,1
66,116185,Female,Masters,1
55,116032,Male,Bachelors,0
19,106173,Male,Masters,0
53,59015,Female,PhD,1
43,91713,Female,Masters,0
28,92805,Female,PhD,0
25,34974,Male,Masters,0
61,34037,Male,Masters,1
57,104292,Female,PhD,1
60,36167,Male,Masters,0
39,108754,Female,PhD,0
37,110703,Female,Bachelors,0
25,63148,Female,PhD,0
46,92153,Female,Masters,1
57,41534,Female,Bachelors,0
43,110995,Male,Masters,1
47,106078,Male,Bachelors,0
34,76879,Male,PhD,1
37,85839,Male,Bachelors,0
69,49756,Female,Bachelors,1
33,32683,Male,Bachelors,1
63,69485,Female,Masters,0
60,118231,Female,Bachelors,0
24,31025,Male,PhD,1
33,106426,Male,PhD,1
62,38715,Female,PhD,0
64,90097,Male,Bachelors,0
65,118383,Male,PhD,0
44,112943,Male,Masters,0
40,107116,Male,PhD,1
41,95705,Female,Bachelors,1
26,37116,Female,PhD,1
52,56744,Male,Bachelors,0
68,107579,Female,Bachelors,0
37,22124,Female,PhD,0
54,58051,Male,Masters,1
59,27176,Male,Masters,0
34,111310,Female,PhD,1
64,84818,Female,Bachelors,0
48,38676,Female,PhD,1
25,65177,Male,Bachelors,1
32,110296,Female,Bachelors,1
48,20997,Female,Bachelors,0
47,79330,Male,Masters,0
63,63769,Female,Masters,0
37,98653,Male,PhD,0
56,31231,Male,Masters,1
29,115287,Female,Bachelors,1
66,92976,Male,Bachelors,0
34,105447,Male,PhD,0
59,75965,Female,Bachelors,0
47,101144,Male,PhD,0
46,115201,Female,PhD,1
36,81517,Male,Bachelors,0
63,112693,Male,Masters,1
28,114315,Female,Bachelors,1
51,115504,Female,Bachelors,1
67,47387,Female,PhD,0
24,24090,Male,Masters,0
61,44945,Female,PhD,0
51,60239,Male,Bachelors,0
37,23743,Female,PhD,1
67,50924,Male,PhD,0
55,30196,Female,Bachelors,1
41,111815,Male,PhD,0
27,88860,Female,Bachelors,1
49,61400,Male,PhD,1
69,105177,Male,Masters,1
32,113018,Male,Bachelors,0
54,118530,Male,Masters,1
37,100399,Female,PhD,1
20,68795,Male,Masters,0
54,71553,Female,Masters,1
57,44111,Male,Masters,0
25,83083,Female,PhD,0
57,81600,Male,Bachelors,1
61,70022,Male,PhD,1
40,23199,Female,PhD,0
57,70897,Female,PhD,1
28,58038,Male,Bachelors,0
63,75038,Female,PhD,0
25,27897,Female,PhD,1
46,84541,Female,Bachelors,0
47,34892,Male,Bachelors,1
27,28271,Female,Bachelors,1
56,44815,Male,Masters,0
45,65612,Female,Bachelors,1
66,53357,Female,Masters,1
53,95088,Male,Masters,1
30,36267,Female,PhD,1
49,38268,Female,Masters,1
53,34263,Female,PhD,1
54,90935,Female,Masters,0
43,115347,Female,Bachelors,1
39,79660,Female,PhD,0
21,85527,Female,Masters,0
48,83379,Male,PhD,1
35,114542,Male,Bachelors,1
55,61271,Male,Masters,0
41,86612,Male,Masters,0
40,27235,Male,Bachelors,1
39,108757,Female,Masters,0
19,36417,Male,Masters,0
48,118075,Male,PhD,1
28,54609,Female,Masters,0
45,53902,Male,Bachelors,0
63,43645,Female,Masters,1
49,82873,Female,PhD,1
22,107218,Male,Masters,1
55,84558,Male,PhD,1
27,82233,Female,Masters,0
57,43401,Female,PhD,0
63,27771,Male,PhD,0
41,61335,Female,Masters,0
52,94451,Male,Bachelors,0
61,99434,Male,Bachelors,1
65,87449,Male,Masters,0
40,112604,Male,Masters,0
34,21942,Female,Masters,1
18,40388,Female,Masters,0
48,103251,Male,Masters,0
48,77042,Male,Bachelors,1
59,73740,Female,PhD,1
59,85873,Female,PhD,0
51,67024,Female,Bachelors,1
26,43450,Female,Bachelors,0
39,76965,Female,PhD,0
30,30057,Male,Bachelors,1
42,113249,Male,Masters,0
65,28983,Male,Bachelors,1
35,39995,Male,Bachelors,1
68,111628,Female,Bachelors,0
29,97681,Female,Bachelors,0
57,58886,Male,PhD,1
34,109025,Male,PhD,1
32,116572,Female,PhD,1
59,115149,Male,PhD,1
32,114020,Male,Masters,0
32,22673,Female,Masters,1
56,54890,Female,PhD,0
30,97513,Female,PhD,1
34,43466,Male,PhD,1
49,112545,Female,Bachelors,0
26,70406,Female,Masters,0
57,23688,Male,Masters,1
37,89284,Female,Bachelors,0
43,33665,Male,Bachelors,0
44,40641,Male,Bachelors,0
38,52500,Male,Masters,0
35,55797,Male,Bachelors,1
30,104766,Female,Bachelors,0
33,65950,Male,Bachelors,1
26,45046,Female,PhD,1
29,29638,Female,Bachelors,1
61,106363,Female,PhD,1
55,41173,Female,Masters,0
36,33222,Female,Masters,1
24,70064,Male,Masters,1
52,57010,Female,PhD,0
65,38095,Male,Bachelors,0
35,21439,Male,Masters,0
33,105550,Male,Bachelors,1
56,25375,Female,PhD,0
21,109023,Female,Masters,1
42,111238,Female,Bachelors,1
49,40600,Female,Bachelors,1
57,22466,Male,Masters,0
30,65097,Female,Bachelors,1
62,73276,Female,PhD,1
34,70117,Male,Masters,0
66,66971,Male,Masters,1
54,26928,Male,Masters,0
23,108016,Male,Masters,0
36,75309,Male,PhD,0
30,94647,Male,PhD,0
43,60888,Male,Bachelors,0
31,115025,Female,PhD,0
48,63832,Female,Bachelors,1
21,29404,Male,Bachelors,0
56,53639,Male,Masters,1
25,98118,Female,Bachelors,1
42,80598,Male,Masters,1
30,86399,Male,Bachelors,1
49,47684,Male,PhD,0
55,88591,Male,Masters,1
55,97722,Male,Bachelors,0
45,22682,Female,PhD,1
47,58046,Male,PhD,0
20,41832,Male,Masters,0
45,36997,Male,Masters,1
20,54640,Female,Masters,0
62,96882,Female,Bachelors,0
51,60491,Male,Masters,0
33,83043,Male,PhD,0
39,92725,Male,PhD,1
49,65520,Male,Masters,1
55,82919,Female,Masters,1
25,84442,Female,PhD,1
25,41770,Male,Bachelors,0
23,67498,Male,PhD,1
31,81477,Female,PhD,1
49,20244,Female,PhD,0
52,52788,Male,Masters,0
27,115341,Male,Bachelors,1
20,99453,Male,Bachelors,1
29,77737,Female,Masters,1
66,66489,Female,PhD,0
48,91303,Female,Masters,1
46,48390,Female,Masters,0
22,30247,Male,Bachelors,0
69,89051,Female,Bachelors,1
42,79719,Female,Masters,0
58,54678,Female,Masters,0
48,107802,Male,Bachelors,1
38,96286,Female,Bachelors,0
37,49583,Female,PhD,0
56,28076,Female,Masters,0
39,38006,Male,PhD,1
21,35051,Female,PhD,0
30,24314,Male,PhD,0
62,48670,Male,Bachelors,0
59,87551,Female,PhD,1
67,30236,Male,Bachelors,1
66,55568,Female,Bachelors,1
37,80314,Male,Bachelors,1
69,111903,Male,Masters,1
30,36352,Female,PhD,1
34,65650,Female,Bachelors,1
53,30346,Male,Masters,0
50,45156,Male,Masters,0
18,75904,Male,Masters,1
32,34035,Male,Bachelors,1
30,36108,Female,Bachelors,1
34,22853,Male,Bachelors,0
41,104156,Male,Masters,0
25,24176,Female,Bachelors,0
67,45920,Male,PhD,0
44,74850,Female,Bachelors,1
62,26829,Female,Bachelors,0
40,110666,Female,PhD,0
63,93927,Male,Bachelors,0
25,104860,Female,Bachelors,1
25,60667,Female,Bachelors,1
43,85842,Female,Bachelors,1
64,55843,Male,Masters,0
30,70808,Male,Bachelors,0
56,50543,Male,PhD,0
54,92780,Male,PhD,1
66,26611,Female,Masters,1
45,108242,Female,Bachelors,0
42,104612,Female,PhD,0
33,66902,Male,Masters,1
19,53043,Female,Bachelors,0
35,25271,Male,Masters,0
34,92867,Male,Bachelors,0
47,97089,Male,Masters,1
56,78745,Female,Masters,1
30,116876,Female,PhD,1
49,82077,Male,PhD,1
67,79119,Female,Masters,1
46,31573,Male,Bachelors,1
63,41409,Female,Bachelors,1
47,105970,Male,Bachelors,1
35,44464,Male,Bachelors,1
30,62840,Male,Bachelors,0
60,68785,Female,PhD,0
38,40662,Female,Masters,0
47,38228,Female,PhD,0
38,80721,Female,Bachelors,1
65,69223,Female,Masters,0
34,27386,Male,Bachelors,0
57,26862,Female,Bachelors,0
36,60108,Male,Masters,1
69,111788,Female,Bachelors,0
32,95023,Female,PhD,0
26,100140,Female,PhD,0
69,102963,Male,PhD,1
27,47201,Female,Bachelors,0
61,88578,Male,PhD,1
48,69966,Female,Bachelors,1
40,74774,Male,Bachelors,0
69,30386,Male,PhD,1
47,97228,Male,PhD,1
50,35225,Male,Bachelors,0
69,36693,Female,Bachelors,1
26,92197,Female,Bachelors,0
64,63021,Male,Bachelors,0
18,38261,Female,PhD,0
61,47378,Male,Bachelors,1
52,106755,Female,Bachelors,0
28,31937,Female,Bachelors,0
51,86330,Female,Bachelors,0
33,67366,Male,Bachelors,1
26,92322,Female,Masters,0
49,60160,Male,Masters,1
32,65313,Female,Masters,1
29,47032,Male,PhD,0
50,111963,Female,Bachelors,1
62,37358,Male,PhD,0
31,81710,Male,Bachelors,1
25,115326,Male,Masters,0
25,106157,Female,Bachelors,0
44,68821,Male,PhD,1
29,48365,Female,PhD,0
18,33189,Male,Bachelors,0
60,96749,Male,PhD,1
57,27248,Male,Masters,1
59,24369,Female,Bachelors,1
68,83763,Female,Masters,1
28,28050,Female,Masters,1
56,48605,Female,PhD,0
60,69616,Female,Bachelors,0
48,74479,Female,Masters,0
34,100934,Female,Masters,1
50,60883,Male,Bachelors,1
49,53055,Male,PhD,0
46,88731,Female,Masters,1
38,110987,Female,Bachelors,0
38,27450,Female,Bachelors,0
57,22925,Female,Masters,1
40,100051,Female,Masters,1
23,70272,Male,Masters,1
39,25310,Female,PhD,1
67,51817,Female,PhD,1
55,112944,Female,Bachelors,1
54,64528,Male,Bachelors,0
62,75779,Male,Masters,1
68,104816,Male,Bachelors,0
25,102641,Male,PhD,0
58,104083,Female,Bachelors,0
66,96310,Male,Bachelors,1
52,35457,Male,Masters,0
68,62311,Male,Masters,1
28,23980,Male,PhD,1
41,40886,Male,Bachelors,1
66,97112,Female,Bachelors,1
38,70877,Male,Bachelors,1
68,117427,Male,Masters,0
19,56181,Male,PhD,1
57,53262,Female,Bachelors,0
36,20947,Female,Bachelors,1
56,20022,Female,Bachelors,1
45,21128,Female,Bachelors,1
34,99522,Female,PhD,0
23,52322,Female,PhD,0
36,68929,Female,PhD,0
55,101696,Female,Masters,0
45,29808,Male,Bachelors,1
19,115148,Male,Bachelors,1
55,72882,Female,Bachelors,0
54,41725,Male,Bachelors,0
68,92534,Female,PhD,0
69,59950,Male,Masters,0
21,108954,Male,Masters,1
39,103576,Female,Bachelors,1
43,40557,Male,PhD,1
66,41825,Female,Masters,0
60,28998,Female,Masters,0
53,56080,Male,Bachelors,1
30,77797,Female,Masters,0
69,35802,Male,Bachelors,0
49,31167,Male,PhD,0
34,62407,Female,Bachelors,1
58,33338,Female,Masters,0
53,96289,Female,Bachelors,1
63,91520,Female,Bachelors,0
36,38895,Female,Bachelors,0
52,67910,Male,Bachelors,1
63,85898,Female,Bachelors,1
57,23454,Male,Bachelors,1
45,106540,Female,Masters,1
18,80797,Male,Bachelors,0
59,103137,Male,Masters,0
35,70637,Male,Bachelors,1
65,25349,Male,PhD,1
57,59963,Male,Bachelors,0
50,95583,Female,Masters,0
29,27750,Male,Masters,0
25,114929,Female,PhD,1
41,42463,Male,Bachelors,1
33,94935,Female,PhD,0
67,78792,Male,Bachelors,1
21,33686,Male,Bachelors,0
55,83528,Female,Masters,1
61,119811,Female,PhD,1
44,42787,Male,PhD,0
26,34776,Male,Masters,0
64,115063,Female,Masters,1
33,77427,Male,PhD,0
29,81086,Male,Masters,1
48,83308,Female,Bachelors,0
41,35797,Male,PhD,0
31,25302,Male,PhD,1
62,83172,Female,Masters,0
42,58059,Male,Bachelors,1
51,20908,Female,PhD,1
20,80252,Female,PhD,1
41,100659,Male,Bachelors,1
59,32877,Male,Masters,0
26,34239,Female,Masters,1
43,106971,Female,Masters,1
37,47313,Male,Masters,1
57,62103,Female,Bachelors,0
27,68408,Male,Bachelors,1
36,103251,Female,PhD,1
20,108771,Female,PhD,0
41,111665,Female,Bachelors,1
22,30534,Male,PhD,1
20,63060,Female,Bachelors,0
44,37189,Female,Masters,1
33,106067,Female,Bachelors,1
66,30967,Female,Bachelors,0
32,101991,Male,PhD,0
52,85563,Female,Bachelors,0
29,28660,Male,Masters,1
58,110875,Female,Masters,1
61,59823,Female,PhD,0
43,75842,Male,PhD,1
64,29616,Male,Bachelors,0
51,95976,Female,PhD,1
40,68738,Female,Masters,0
48,33107,Female,PhD,0
67,81404,Male,PhD,0
37,114182,Female,Masters,1
29,111787,Male,Bachelors,0
40,35954,Female,Bachelors,0
21,36943,Male,PhD,1
40,60725,Male,Masters,0
65,65434,Male,Masters,1
65,105751,Female,Masters,0
18,30110,Female,Bachelors,0
42,107091,Male,Masters,0
19,36462,Male,Masters,0
47,99232,Male,Bachelors,0
20,74081,Female,Masters,0
38,72799,Female,Bachelors,0
42,86567,Female,PhD,1
37,109301,Male,PhD,0
66,71224,Female,PhD,1
69,76063,Female,PhD,1
39,75240,Female,PhD,1
38,101352,Male,Bachelors,1
50,37868,Female,Bachelors,1
69,95973,Female,Bachelors,1
55,100989,Female,Masters,0
32,42222,Female,PhD,0
63,99794,Female,Masters,0
69,83924,Male,Masters,0
32,119854,Male,Masters,0
63,98513,Male,PhD,1
42,74649,Male,Masters,1
38,103749,Female,PhD,1
41,30223,Female,PhD,0
22,68166,Male,PhD,0
23,59369,Male,Masters,0
66,106379,Male,PhD,0
60,89392,Female,PhD,1
65,79526,Female,Bachelors,1
61,32661,Female,Masters,0
64,35591,Male,Bachelors,1
40,91718,Male,Bachelors,0
21,75235,Male,Masters,0
44,27970,Female,Bachelors,0
35,67922,Female,PhD,1
38,50755,Male,Bachelors,1
45,39416,Male,Bachelors,1
52,33672,Female,PhD,0
39,103468,Female,Bachelors,0
57,66996,Male,PhD,0
40,94095,Male,Masters,1
20,20064,Female,Bachelors,0
57,88835,Male,Masters,0
67,90385,Male,Bachelors,1
27,25639,Female,PhD,0
42,31055,Male,Bachelors,1
69,79220,Female,Masters,1
66,107594,Male,PhD,0
25,49427,Female,PhD,0
28,102516,Male,Masters,0
22,84666,Male,Masters,0
62,84274,Male,Bachelors,1
54,30866,Female,Bachelors,1
62,23889,Male,PhD,1
55,68226,Male,Masters,1
46,51335,Female,Masters,1
22,70547,Male,Bachelors,1
26,46162,Female,Bachelors,1
65,109449,Female,PhD,0
19,44687,Female,Masters,0
18,118756,Male,Masters,0
57,30995,Female,Masters,0
68,76488,Male,Masters,0
47,22631,Female,Bachelors,0
28,54954,Male,Bachelors,1
45,25967,Female,Bachelors,0
61,108294,Female,PhD,0
29,107278,Male,Masters,1
56,84471,Female,Bachelors,1
43,57116,Male,Masters,0
30,112116,Female,Bachelors,1
25,54227,Male,PhD,0
45,21942,Female,Bachelors,1
47,67664,Female,PhD,0
26,48069,Male,Masters,0
56,107342,Female,Bachelors,0
48,34407,Male,Bachelors,1
38,79201,Male,Bachelors,1
64,100093,Female,Masters,0
51,74348,Female,PhD,1
48,101981,Female,PhD,1
69,37878,Male,Bachelors,0
42,103100,Male,Masters,0
29,98629,Female,PhD,1
18,75420,Male,PhD,1
39,111987,Female,PhD,0
57,63168,Female,PhD,1
54,74862,Female,PhD,1
64,109622,Male,Bachelors,1
18,102025,Male,Bachelors,0
18,48004,Female,Bachelors,1
59,40471,Male,PhD,1
59,111820,Female,PhD,0
38,80167,Female,PhD,1
32,103828,Male,Bachelors,0
34,85308,Female,PhD,0
39,103969,Female,Bachelors,0
55,34568,Female,PhD,0
52,29466,Female,Bachelors,0
62,111057,Female,Masters,0
33,77324,Male,PhD,1
25,35467,Male,PhD,0
64,117555,Female,Bachelors,1
34,95955,Male,PhD,0
34,72948,Female,Bachelors,0
43,36676,Female,Bachelors,1
30,114791,Female,Masters,0
34,51514,Female,Masters,0
55,42650,Male,PhD,0
34,108290,Male,PhD,0
65,97701,Female,Bachelors,1
31,30683,Male,Bachelors,0
62,118092,Female,Bachelors,0
23,79819,Male,Bachelors,0
52,100978,Female,PhD,1
63,24860,Female,Masters,0
31,23729,Female,PhD,0
64,51351,Male,PhD,1
25,82744,Male,PhD,0
32,44346,Female,Masters,1
44,94155,Male,PhD,1
30,96700,Male,Masters,1
66,26955,Male,Bachelors,1
48,85642,Male,PhD,1
52,90290,Male,Bachelors,0
23,64293,Male,Bachelors,0
22,81336,Male,Bachelors,1
39,41662,Male,PhD,0
66,26408,Male,Bachelors,0
40,60403,Male,PhD,1
42,21225,Male,Bachelors,1
51,32196,Male,PhD,0
43,89786,Male,PhD,0
64,35372,Female,PhD,1
22,37279,Female,Bachelors,0
43,115729,Male,PhD,1
37,74240,Male,Bachelors,1
23,112404,Male,Masters,1
23,58187,Female,Bachelors,0
67,68481,Female,Bachelors,1
35,48475,Male,PhD,1
21,64552,Male,Bachelors,1
34,87969,Male,Masters,1
31,96534,Male,PhD,1
31,116669,Male,Bachelors,0
30,119605,Female,Bachelors,0
24,26858,Male,PhD,0
61,94486,Female,PhD,1
32,94474,Male,Bachelors,0
36,45168,Male,Bachelors,1
60,52099,Female,PhD,0
64,91180,Female,PhD,0
61,81455,Male,Masters,1
52,74240,Female,Masters,0
34,94796,Male,Masters,0
52,74592,Female,PhD,0
36,67458,Female,PhD,1
37,78046,Male,PhD,0
53,36488,Male,Bachelors,1
52,78841,Female,PhD,1
49,20395,Male,Bachelors,1
65,72669,Female,PhD,0
61,30845,Female,PhD,0
57,56059,Male,Bachelors,1
41,38394,Female,PhD,1
34,113993,Male,PhD,0
24,65906,Male,PhD,0
60,79332,Female,Masters,0
67,57305,Male,PhD,0
18,62628,Female,Bachelors,1
52,41352,Female,Bachelors,0
49,106682,Male,Bachelors,1
53,102971,Male,PhD,1
30,71993,Female,Bachelors,0
23,59386,Male,Masters,0
31,76624,Female,Bachelors,0
54,77065,Female,PhD,0
65,105504,Female,Masters,0
32,28539,Female,Bachelors,0
64,21263,Female,Masters,0
21,33305,Male,Bachelors,1
57,73817,Female,PhD,1
33,44398,Female,Masters,0
45,117616,Female,Bachelors,1
33,95801,Female,Bachelors,1
21,69107,Female,Masters,0
62,52152,Female,Masters,1
43,113260,Male,Masters,0
45,50624,Male,Masters,0
49,119655,Female,Bachelors,1
62,76132,Female,Bachelors,0
19,72979,Female,Bachelors,0
48,78013,Male,PhD,0
20,114925,Female,Masters,1
25,83797,Female,Bachelors,1
41,71798,Female,Masters,0
32,36650,Female,Masters,0
60,46014,Female,Bachelors,1
48,96421,Female,Masters,1
26,27434,Male,Masters,0
56,50028,Female,Masters,1
62,86558,Female,Masters,0
19,44331,Female,Masters,1
25,87573,Female,Bachelors,1
24,94292,Female,Bachelors,1
61,66326,Female,Masters,1
68,102979,Female,Masters,0
56,119728,Female,Masters,0
59,24123,Female,PhD,1
33,36603,Male,Masters,0
52,85941,Male,PhD,0
47,62597,Male,PhD,1
27,83238,Female,PhD,1
55,104238,Male,Bachelors,0
35,62719,Male,PhD,1
67,111786,Male,Masters,0
22,61751,Male,Masters,1
46,106978,Female,Bachelors,0
56,37693,Male,Bachelors,1
51,109541,Male,Masters,1
60,57697,Female,Bachelors,0
62,114524,Male,Bachelors,1
40,117869,Female,PhD,0
22,49992,Male,PhD,0
47,83825,Male,Bachelors,1
23,29522,Male,Masters,1
63,65406,Female,PhD,1
61,32121,Male,Masters,1
21,34219,Male,Bachelors,0
46,21617,Female,Masters,0
40,63016,Male,Masters,1
23,70672,Male,Masters,0
49,44276,Male,Masters,1
59,119887,Male,Bachelors,0
35,92240,Male,Bachelors,1
32,75735,Female,PhD,1
57,37959,Female,PhD,0
49,48522,Female,PhD,1
26,76087,Male,PhD,0
54,29953,Male,Masters,1
27,46567,Male,PhD,0
37,80523,Male,PhD,0
23,82708,Male,Masters,0
65,42560,Female,Bachelors,0
20,78390,Female,PhD,1
59,88149,Female,Bachelors,1
28,56660,Male,PhD,1
60,65104,Female,Bachelors,0
34,77805,Female,PhD,1
49,44496,Female,Bachelors,1
21,103301,Female,Bachelors,1
21,111257,Male,PhD,1
34,23515,Male,Bachelors,0
58,24454,Female,PhD,1
36,42873,Female,PhD,1
22,93920,Female,Masters,0
49,33727,Female,PhD,1
39,89070,Female,PhD,0
23,119059,Female,PhD,1
52,117425,Female,PhD,0
39,69979,Female,Masters,0
18,45465,Female,Masters,1
37,73900,Male,Masters,1
39,79799,Female,Masters,1
65,116129,Male,Bachelors,1
28,41330,Male,PhD,1
30,28302,Female,Masters,1
59,98443,Female,PhD,0
20,109966,Male,Masters,0
26,92717,Male,PhD,0
29,32875,Female,Bachelors,0
40,47219,Male,Masters,1
31,56182,Female,Bachelors,0
50,100541,Female,Bachelors,0
35,62269,Male,PhD,0
66,99781,Female,Masters,1
58,26457,Male,Bachelors,1
26,26749,Female,PhD,1
40,53064,Female,PhD,0
27,29821,Male,PhD,1
36,118297,Male,Bachelors,0
64,98655,Female,PhD,0
22,27664,Female,PhD,0
64,49281,Male,PhD,1
69,51821,Female,Bachelors,1
40,44647,Male,PhD,1
47,89918,Male,Bachelors,0
42,101985,Male,PhD,1
45,102799,Female,Bachelors,1
51,110179,Male,Bachelors,1
62,94944,Female,Masters,0
65,109142,Male,Masters,0
64,47603,Female,Masters,0
42,66458,Female,Bachelors,0
27,90605,Male,PhD,1
31,39623,Male,PhD,1
59,64440,Male,Bachelors,0
63,102427,Female,PhD,1
47,27704,Female,Bachelors,0
58,113826,Female,PhD,1
42,47460,Male,Bachelors,1
31,103045,Male,Masters,1
52,102805,Male,Masters,0
69,93511,Male,PhD,1
65,26565,Male,PhD,1
51,108003,Female,PhD,1
27,24870,Male,PhD,1
52,38909,Female,Masters,0
28,29117,Male,Masters,0
28,87474,Male,Bachelors,0
38,113926,Male,PhD,1
38,64322,Male,Masters,1
39,40128,Male,Bachelors,1
62,117317,Female,Bachelors,0
24,89001,Male,Bachelors,0
34,20440,Female,Masters,1
19,80955,Female,Bachelors,0
29,69613,Female,PhD,0
59,90949,Female,Bachelors,1
35,31663,Male,Bachelors,0
28,39547,Male,Masters,1
33,101662,Male,Bachelors,0
66,20005,Male,Masters,0
68,27038,Male,Masters,0
35,26414,Female,PhD,0
52,107659,Male,Bachelors,1
43,89506,Male,PhD,1
33,96586,Female,PhD,0
23,22606,Male,Bachelors,1
61,36482,Male,Bachelors,0
60,118829,Female,Masters,1
64,91873,Male,Bachelors,0
64,53948,Female,Masters,1
65,109987,Female,PhD,0
59,111801,Male,PhD,0
29,111250,Female,Masters,1
30,40875,Male,Bachelors,0
21,33057,Male,Bachelors,0
56,52400,Male,Masters,0
19,91458,Female,PhD,0
43,88607,Female,Masters,1
44,107561,Female,Bachelors,1
44,47503,Female,Bachelors,0
32,43765,Female,Masters,0
25,66612,Female,Bachelors,1
24,118318,Female,PhD,1
64,104335,Female,Masters,0
63,113012,Female,PhD,0
57,101748,Female,PhD,1
29,29428,Female,Masters,0
30,51419,Male,Masters,1
60,85195,Female,Bachelors,1
34,93695,Male,Bachelors,1
34,109846,Male,Masters,0
53,59142,Male,Masters,1
38,91540,Male,Bachelors,1
25,58289,Female,Bachelors,0
22,96948,Male,Bachelors,1
43,78951,Male,Masters,1
33,31755,Male,Masters,1
53,104553,Female,Bachelors,1
45,23890,Male,PhD,1
46,114376,Male,PhD,1
64,37175,Female,Bachelors,0
29,94727,Female,Masters,0
54,85687,Female,Masters,0
47,104983,Female,PhD,1
40,108287,Female,Bachelors,1
33,114711,Female,PhD,1
31,44288,Female,PhD,0
27,66629,Female,Bachelors,0
24,67800,Female,PhD,1
62,57367,Male,Masters,0
69,97810,Female,PhD,0
54,97754,Male,Bachelors,1
46,109328,Male,Masters,0
20,88513,Female,Masters,0
32,102762,Female,PhD,0
53,49022,Female,Masters,0
64,89329,Female,Bachelors,1
63,79414,Male,PhD,1
69,21659,Male,Masters,0
36,77941,Female,Bachelors,0
30,57930,Male,PhD,0
59,63473,Female,Bachelors,0
38,75598,Male,Masters,1
54,36040,Male,PhD,1
44,89806,Female,PhD,0
69,33286,Female,Masters,0
46,89139,Male,Bachelors,0
37,75916,Female,Masters,0
42,37600,Male,PhD,1
23,22291,Female,PhD,0
53,33123,Female,Masters,0
19,23811,Female,Bachelors,1
39,98883,Female,Masters,0
49,51276,Female,Bachelors,1
33,74145,Female,Bachelors,1
35,66619,Female,PhD,0
22,101049,Male,Bachelors,1
53,90678,Female,PhD,0
47,108782,Male,Bachelors,0
62,111043,Female,Bachelors,1
36,46714,Male,PhD,1
40,75685,Female,Bachelors,1
51,32194,Female,Masters,0
30,93062,Male,Bachelors,0
60,84037,Female,PhD,0
46,39362,Female,PhD,0
53,74499,Female,Masters,0
39,66281,Female,Bachelors,1
69,82813,Female,Masters,1
69,64852,Male,Bachelors,1
64,67836,Female,Masters,0
53,24595,Male,PhD,0
26,115930,Male,PhD,0
56,35402,Male,Masters,0
68,85283,Male,Bachelors,0
36,112676,Male,Bachelors,1
55,108131,Male,PhD,0
23,62723,Male,Bachelors,1
69,71322,Male,Masters,0
64,66764,Female,Masters,1
32,44911,Male,Bachelors,0
37,111288,Female,PhD,0
26,39405,Male,PhD,1
49,78122,Male,PhD,0
21,109756,Female,PhD,0
67,119489,Male,PhD,0
35,23447,Female,Masters,1
22,73143,Male,Bachelors,1
37,82906,Female,Masters,0
40,30662,Female,PhD,1
28,83001,Male,PhD,1
54,78282,Male,Bachelors,1
39,24899,Male,Bachelors,1
21,48582,Male,Bachelors,1
46,87471,Female,Masters,0
61,62213,Female,Bachelors,0
51,95871,Female,Masters,0
30,103205,Female,PhD,1
59,94081,Female,Masters,1
26,103805,Female,Bachelors,1
59,57830,Female,Masters,0
48,27066,Male,Masters,0
24,30712,Male,Masters,0
21,101527,Male,Bachelors,0
36,85365,Male,Masters,0
59,107185,Male,Bachelors,0
47,119851,Male,Masters,0
48,50806,Male,Masters,0
52,32210,Male,Masters,1
38,56972,Female,Bachelors,1
48,54136,Male,Bachelors,1
36,64297,Male,Bachelors,0
48,35945,Male,PhD,0
49,115201,Female,Bachelors,0
19,62477,Male,Masters,1
69,99180,Female,PhD,0
27,90453,Female,Bachelors,1
19,105404,Male,Bachelors,1
19,97413,Female,PhD,0
41,33224,Male,PhD,1
34,23052,Male,Bachelors,0
49,47272,Male,PhD,1
33,61150,Female,Masters,0
33,116204,Male,Masters,0
63,37316,Male,Masters,0
56,73389,Male,Bachelors,1
48,83332,Female,Masters,0
60,27240,Female,PhD,0
41,117095,Female,Masters,0
18,88774,Female,PhD,0
28,63175,Male,Masters,0
38,20565,Male,PhD,1
21,107298,Female,Masters,1
24,91094,Male,Masters,1
43,36375,Female,Masters,0
64,45710,Male,PhD,0
67,69895,Male,PhD,0
29,96639,Female,Masters,1
48,35174,Female,PhD,1
34,107329,Male,PhD,0
50,47597,Female,Bachelors,1
28,94289,Male,Masters,1
45,58397,Male,PhD,0
49,91854,Male,PhD,1
18,53069,Male,PhD,0
64,105687,Female,PhD,1
45,60274,Male,Bachelors,1
59,94237,Male,PhD,1
24,92498,Male,PhD,0
19,58197,Female,Bachelors,1
59,68634,Male,Masters,0
41,50041,Female,Masters,1
21,27248,Female,Bachelors,0
61,105365,Female,Masters,0
36,22203,Female,Masters,0
43,71986,Female,Bachelors,1
28,45370,Female,PhD,0
57,55247,Female,Bachelors,1
67,95922,Male,Bachelors,0
60,20434,Male,Bachelors,0
28,82982,Female,Bachelors,0
62,85180,Female,Bachelors,0
20,54474,Female,PhD,1
29,44644,Male,Masters,1
20,58493,Female,Bachelors,0
59,103824,Male,PhD,1
44,23959,Male,Bachelors,1
66,67289,Female,PhD,0
19,31143,Male,Masters,1
66,59593,Female,PhD,1
33,59115,Female,PhD,0
19,42540,Female,Masters,1
47,55481,Male,Masters,0
37,115505,Female,PhD,1
55,97097,Male,Bachelors,0
45,42578,Female,Bachelors,1
42,32787,Female,Masters,1
49,92048,Female,Bachelors,1
27,72879,Female,Masters,1
59,30596,Female,PhD,1
57,117282,Male,PhD,0
50,80669,Female,Bachelors,1
30,39930,Female,Masters,0
58,67950,Female,Bachelors,0
59,115737,Male,Bachelors,1
64,38687,Female,PhD,0
54,72833,Female,Bachelors,1
33,55989,Female,PhD,1
62,50183,Female,Masters,1
39,40758,Male,Bachelors,1
37,21082,Female,PhD,0
67,116368,Male,Bachelors,1
60,65891,Male,Masters,1
44,65810,Male,Bachelors,1
58,66901,Male,Bachelors,0
33,103512,Female,PhD,0
51,91062,Female,Masters,0
49,116622,Male,Masters,0
43,41563,Male,Masters,1
42,92008,Male,Bachelors,0
19,22775,Female,PhD,0
29,35828,Male,Bachelors,0
57,37974,Male,Bachelors,0
26,42388,Male,Bachelors,1
29,100591,Male,Masters,1
43,38615,Male,PhD,0
26,57886,Female,Masters,0
27,42838,Male,Bachelors,1
49,60728,Female,Bachelors,1
51,98000,Female,PhD,1
65,72798,Female,Masters,1
37,92776,Female,Bachelors,0
56,90478,Female,Bachelors,0
19,39622,Male,PhD,1
18,33536,Female,Bachelors,0
68,87136,Female,Masters,0
53,25700,Male,Masters,0
41,58839,Female,Bachelors,1
44,30248,Male,Bachelors,1
19,65291,Male,Bachelors,1
48,102629,Male,PhD,1
31,104891,Male,PhD,0
19,37177,Male,Masters,1
46,39483,Female,Masters,1
32,63815,Male,Bachelors,0
29,58533,Male,Bachelors,1
54,20026,Female,Bachelors,0
45,80611,Female,PhD,1
37,107242,Female,PhD,0
56,44660,Female,Bachelors,0
41,75103,Male,Bachelors,0
38,72253,Female,Masters,0
27,62082,Male,PhD,1
63,36258,Female,Bachelors,0
31,118315,Female,PhD,0
54,109690,Female,Bachelors,1
35,115220,Female,Bachelors,0
41,35389,Female,Masters,0
31,111860,Male,Masters,1
51,47685,Male,Masters,1
29,79220,Male,Bachelors,1
39,47195,Female,Masters,0
23,41797,Male,Bachelors,0
53,91310,Female,PhD,1
62,117169,Female,PhD,1
53,86332,Male,Bachelors,1
39,113925,Male,Masters,0
31,82907,Female,Masters,0
33,27188,Female,PhD,1
53,43696,Male,Bachelors,0
42,22024,Female,Bachelors,0
49,93202,Male,Bachelors,0
50,55985,Male,PhD,1
62,26584,Female,PhD,1
53,110998,Female,Masters,0
37,47044,Female,Bachelors,1
35,25285,Female,Bachelors,0
55,83115,Male,Bachelors,0
20,27370,Female,Bachelors,1
40,37903,Male,PhD,1
49,52499,Male,Masters,1
62,117904,Female,PhD,0
33,42995,Male,Masters,1
22,55200,Female,Bachelors,0
21,108377,Female,Bachelors,0
38,90402,Male,Bachelors,0
57,33566,Male,Bachelors,0
68,57822,Male,Bachelors,0
31,71222,Female,PhD,1
56,114088,Female,Masters,0
48,110450,Male,PhD,0
31,70668,Female,Bachelors,1
23,83853,Female,Masters,0
29,74643,Male,Masters,1
33,42333,Female,Bachelors,0
34,35958,Male,Masters,1
62,72442,Male,PhD,1
40,40954,Male,PhD,1
31,95174,Female,PhD,1
24,119683,Male,PhD,1
63,29675,Male,Masters,0
49,109590,Male,PhD,1
32,51661,Male,Masters,1
61,84289,Female,Bachelors,1
34,37184,Male,PhD,0
58,67963,Female,Bachelors,1
64,45822,Male,PhD,0
61,82303,Female,Bachelors,0
51,96465,Female,Bachelors,1
22,25267,Female,Bachelors,0
62,72647,Female,Bachelors,0
44,82814,Male,Bachelors,0
69,56025,Male,Masters,0
40,97605,Female,Masters,0
57,20981,Female,PhD,1
31,63436,Female,Masters,0
32,38472,Male,Bachelors,0
60,39336,Female,Masters,0
50,45587,Female,Masters,0
48,97192,Male,Bachelors,0
52,112862,Male,Masters,1
34,104046,Male,Bachelors,0
45,73013,Male,Masters,0
36,104511,Male,Bachelors,0
63,29665,Male,PhD,1
40,47097,Female,Masters,1
49,111277,Female,PhD,1
57,72474,Male,Bachelors,0
30,91973,Female,Bachelors,0
37,45185,Male,PhD,0
52,95911,Female,Bachelors,0
22,112643,Male,Bachelors,0
26,50484,Male,Bachelors,0
46,65610,Female,Bachelors,0
23,70807,Female,Bachelors,0
42,70907,Male,Bachelors,0
48,77389,Male,Bachelors,0
39,45835,Male,Bachelors,0
19,115279,Male,PhD,1
62,116453,Male,Masters,1
22,73790,Male,Bachelors,1
44,96960,Female,PhD,1
42,29643,Female,Bachelors,0
25,95846,Female,Masters,1
18,38951,Female,Bachelors,1
37,112104,Female,PhD,1
61,35233,Male,PhD,1
40,33200,Male,Masters,1
49,72275,Female,Bachelors,0
28,107084,Male,PhD,1
56,96068,Female,Masters,1
64,109001,Female,Masters,0
41,41291,Male,Bachelors,1
28,62448,Male,PhD,0
46,50580,Female,Bachelors,0
43,111685,Female,Bachelors,0
33,41346,Female,Bachelors,0
52,30619,Female,PhD,1
37,21766,Male,Masters,1
63,23549,Female,Bachelors,0
20,38693,Male,Bachelors,1
18,82019,Female,PhD,0
64,117458,Female,Bachelors,1
18,68328,Male,Masters,1
34,97701,Male,Bachelors,0
19,109100,Male,Masters,1
46,45301,Male,Bachelors,0
37,64763,Male,Bachelors,0
23,40765,Female,Bachelors,1
25,64787,Female,Masters,1
46,27425,Female,Bachelors,0
65,32857,Male,Bachelors,0
68,72771,Male,Bachelors,1
50,112999,Male,Masters,1
20,42444,Female,Bachelors,1
52,61457,Male,PhD,1
22,99741,Female,Masters,0
44,20704,Female,PhD,1
61,25452,Female,Bachelors,1
29,58862,Male,Masters,0
37,81471,Female,Masters,1
62,89217,Female,Bachelors,0
37,106058,Female,PhD,0
26,38300,Male,Masters,1
56,29566,Female,Masters,1
21,27501,Male,Masters,0
68,21845,Male,Masters,0
36,59181,Female,Masters,1
55,77263,Female,Bachelors,0
44,98766,Male,Masters,0
62,83038,Female,PhD,0
60,103290,Male,Masters,0
30,54404,Male,Bachelors,0
30,42564,Male,Bachelors,0
39,117898,Female,PhD,0
45,77435,Male,Masters,1
69,38227,Male,PhD,0
64,110296,Female,PhD,1
62,115259,Female,PhD,0
39,67475,Male,PhD,1
60,37215,Male,Masters,0
36,91074,Male,Bachelors,1
25,41699,Female,Bachelors,1
69,32454,Male,Masters,1
25,68217,Male,PhD,1
59,41711,Female,Masters,0
43,35059,Female,PhD,0
65,68398,Male,PhD,0
68,21286,Female,Masters,0
43,54297,Male,Masters,1
40,46485,Male,PhD,0
60,79967,Female,PhD,0
30,117803,Male,PhD,0
45,74583,Male,PhD,0
26,71630,Female,Masters,1
37,47086,Male,Bachelors,0
36,36484,Female,Bachelors,0
65,88623,Male,PhD,1
56,79263,Female,Bachelors,1
68,38675,Female,Bachelors,0
29,80664,Female,Bachelors,1
32,44680,Female,Bachelors,0
48,37077,Female,Bachelors,0
31,58174,Female,Bachelors,0
28,96968,Male,PhD,0
43,23491,Male,PhD,1
59,66126,Female,PhD,1
44,23392,Male,Masters,1
28,82257,Female,Bachelors,1
55,87804,Female,Bachelors,0
51,58400,Male,Masters,1
60,56551,Female,Bachelors,1
36,48088,Male,PhD,0
23,100015,Female,PhD,0
63,45465,Female,Masters,1
69,68155,Male,PhD,0
55,107893,Female,Masters,0
66,25969,Female,PhD,0
59,28981,Female,Bachelors,1
45,41032,Male,PhD,1
18,74091,Male,Masters,1
52,44408,Male,Bachelors,0
57,44241,Male,Masters,1
25,67940,Male,Bachelors,0
69,102938,Female,Bachelors,1
64,71105,Male,PhD,0
24,111302,Male,PhD,0
28,81050,Female,Bachelors,1
56,23657,Female,PhD,1
21,41230,Male,PhD,1
42,38680,Female,Masters,1
29,102694,Female,PhD,0
43,104731,Female,Bachelors,1
55,62340,Male,PhD,0
63,55950,Female,Bachelors,0
29,98515,Female,Bachelors,1
60,27867,Male,Masters,0
68,100691,Female,Bachelors,1
54,98542,Female,Bachelors,1
63,24329,Male,Masters,1
41,108087,Male,Bachelors,0
33,55865,Male,Masters,1
30,86940,Female,Bachelors,1
42,57869,Male,PhD,0
69,86905,Male,Masters,1
21,103984,Female,Masters,1
28,109711,Female,Bachelors,0
49,86252,Female,Masters,1
66,99386,Female,Bachelors,0
24,21711,Female,Masters,0
63,45801,Male,Masters,0
28,107287,Male,PhD,0
45,110709,Male,Bachelors,0
58,73270,Female,PhD,0
40,91622,Male,Masters,0
62,75535,Female,Bachelors,0
40,96759,Female,PhD,0
67,36220,Male,Masters,1
45,33392,Male,PhD,1
60,105587,Female,Masters,1
64,22246,Female,Masters,0
43,40010,Male,Bachelors,0
42,88358,Male,Bachelors,0
46,110203,Female,Bachelors,1
36,37234,Female,Masters,1
50,116190,Female,PhD,1
53,69451,Female,Bachelors,0
31,95205,Male,Bachelors,0
31,41784,Male,Bachelors,1
52,49672,Female,Bachelors,1
47,21082,Female,Masters,0
45,31148,Male,PhD,1
34,47494,Female,Masters,1
20,95093,Female,Masters,0
33,71952,Female,Masters,1
63,56719,Female,Bachelors,0
47,68737,Female,PhD,0
69,79453,Female,Masters,0
46,59536,Male,Masters,1
62,70604,Female,Masters,0
32,70833,Male,Bachelors,0
63,34039,Male,Bachelors,0
42,87839,Male,Masters,1
68,67931,Female,Bachelors,1
55,59925,Female,PhD,1
59,71003,Female,Bachelors,0
64,103817,Male,Masters,1
69,68897,Male,PhD,1
55,107745,Female,Bachelors,1
40,113709,Female,Masters,1
42,62287,Male,PhD,0
59,110726,Male,PhD,0
24,53012,Male,PhD,0
39,61783,Female,Bachelors,0
34,105727,Male,PhD,0
35,88315,Male,Bachelors,0
66,103766,Male,Masters,1
58,66491,Female,Bachelors,1
27,108941,Female,Bachelors,1
27,78584,Female,Masters,1
24,32803,Male,Bachelors,0
65,69625,Male,Bachelors,0
67,113361,Male,Masters,1
55,33698,Male,PhD,1
44,54560,Female,Masters,0
69,35376,Male,PhD,1
50,103654,Male,Bachelors,1
18,33117,Female,Masters,1
61,76381,Male,PhD,0
51,57956,Male,Bachelors,0
21,68786,Male,Bachelors,0
34,107778,Female,Bachelors,1
21,86480,Male,PhD,0
60,51695,Female,PhD,1
43,21511,Male,PhD,1
21,73233,Female,Bachelors,0
18,42502,Female,PhD,0
24,70010,Female,Masters,0
47,110341,Male,PhD,0
67,112529,Male,PhD,0
26,93905,Female,Bachelors,0
52,66489,Female,Masters,0
25,103533,Male,Masters,1
41,101165,Female,Masters,0
36,51949,Male,PhD,1
53,88376,Male,Bachelors,0
67,99587,Female,PhD,1
69,113059,Female,Bachelors,1
60,87310,Male,Masters,0
44,98798,Male,PhD,0
49,89407,Male,Bachelors,0
31,93809,Female,PhD,1
35,37229,Male,Bachelors,0
45,47385,Female,Masters,0
46,62176,Female,PhD,1
33,114825,Male,Masters,1
52,23260,Female,PhD,1
64,117555,Female,PhD,1
48,23145,Female,Bachelors,1
21,117289,Female,Bachelors,1
54,27802,Male,Bachelors,1
34,22263,Male,Masters,1
56,46913,Female,Masters,0
65,77788,Female,PhD,0
63,28155,Female,Bachelors,1
43,20922,Female,Masters,1
65,92231,Female,PhD,1
56,40672,Male,Masters,1
58,58526,Male,PhD,1
21,65344,Male,Bachelors,0
47,39014,Male,PhD,1
47,93352,Female,PhD,1
39,111279,Female,Bachelors,0
28,60324,Male,Bachelors,1
19,114075,Male,PhD,1
61,115638,Male,Masters,0
29,58698,Female,Bachelors,1
47,97169,Female,PhD,1
53,43384,Female,Bachelors,1
35,23512,Male,Bachelors,0
43,26066,Male,Masters,1
24,51500,Female,Bachelors,1
18,98743,Female,PhD,0
43,105642,Female,PhD,0
40,99858,Male,Bachelors,1
43,74800,Female,Bachelors,1
62,83140,Female,Masters,1
23,104954,Male,Masters,1
23,22387,Female,Masters,1
61,76160,Female,PhD,1
25,79241,Female,Masters,1
41,93567,Female,PhD,0
39,21799,Male,Masters,0
36,55548,Female,PhD,1
54,53895,Male,Bachelors,0
35,110450,Female,PhD,1
48,100171,Male,Bachelors,1
54,60379,Female,PhD,1
47,65414,Female,PhD,1
59,93071,Male,Bachelors,0
50,88344,Female,PhD,1
27,98591,Female,PhD,1
54,113141,Male,Masters,1
29,112201,Female,Bachelors,1
47,118303,Female,Bachelors,0
44,24297,Female,Masters,1
56,106479,Female,Masters,0
26,118752,Female,Bachelors,0
38,25008,Male,Bachelors,1
29,106813,Male,Bachelors,1
46,36820,Female,Masters,1
50,91548,Female,Masters,0
60,42253,Male,PhD,0
32,49202,Male,Masters,1
19,49236,Male,PhD,1
69,87156,Male,PhD,0
56,80263,Male,Masters,1
61,119252,Male,Masters,0
35,94855,Female,Masters,0
20,36575,Female,Masters,0
24,32204,Female,Bachelors,0
60,31952,Female,Masters,1
35,103323,Female,PhD,1
61,71142,Male,PhD,0
55,53872,Male,Bachelors,1
54,49376,Male,Bachelors,0
50,86084,Male,Masters,1
61,31640,Male,Bachelors,0
48,46437,Male,Masters,1
28,107681,Female,Masters,1
21,27903,Female,Bachelors,0
35,103704,Male,Bachelors,1
21,46863,Female,PhD,0
66,63381,Male,Bachelors,1
51,48548,Female,Bachelors,0
46,69956,Male,Bachelors,1
41,94526,Male,PhD,1
39,31467,Female,Masters,0
19,77954,Male,PhD,0
61,43901,Female,Bachelors,1
23,75983,Female,Bachelors,1
59,43301,Male,Bachelors,0
42,105180,Male,Masters,0
38,89903,Male,PhD,0
33,36204,Female,PhD,0
48,39755,Female,Masters,1
31,79817,Male,PhD,1
56,22093,Male,Masters,1
45,89537,Male,Masters,1
49,116319,Male,PhD,1
45,42940,Male,PhD,1
68,93346,Male,Masters,0
66,64040,Male,PhD,1
26,57322,Female,Masters,0
62,111544,Female,PhD,0
39,104437,Male,PhD,0
49,112969,Male,PhD,0
22,107725,Female,PhD,1
40,114266,Male,PhD,0
22,29236,Female,Bachelors,0
59,92597,Female,Bachelors,1
49,104124,Male,PhD,0
27,23902,Female,PhD,0
56,119656,Female,PhD,1
32,54364,Male,Masters,0
24,118983,Male,Bachelors,1
46,114410,Female,Masters,1
64,40096,Male,Bachelors,1
20,32020,Female,Bachelors,1
36,78473,Female,PhD,1
27,64153,Female,PhD,0
45,61277,Female,Masters,1
46,107221,Female,Masters,1
32,58502,Female,PhD,1
52,35675,Male,PhD,1
23,44365,Male,Bachelors,1
29,107812,Male,Bachelors,0
64,98229,Male,PhD,0
55,109049,Female,Bachelors,1
30,72148,Female,Masters,0
46,109157,Female,Bachelors,1
36,109247,Female,PhD,1
20,113321,Female,Bachelors,1
25,88078,Male,PhD,0
25,102598,Male,Bachelors,1
37,90902,Male,Masters,1
64,46465,Female,Masters,0
21,52286,Female,PhD,1
68,74795,Male,PhD,0
38,60178,Female,PhD,0
20,99183,Female,Bachelors,1
62,69986,Male,Bachelors,0
25,63201,Female,Bachelors,1
40,63315,Male,Masters,0
33,95396,Male,PhD,0
30,75178,Male,Bachelors,0
20,30745,Male,Masters,1
65,92354,Female,PhD,0
26,99637,Female,Masters,1
31,25028,Female,PhD,1
30,118261,Male,Bachelors,1
24,68566,Female,Masters,0
32,63722,Male,Masters,0
24,106623,Female,Masters,1
55,94974,Female,PhD,1
51,103692,Male,PhD,1
58,104084,Female,Masters,1
39,59879,Male,PhD,1
41,44767,Male,Masters,1
66,88099,Female,Bachelors,0
54,68657,Female,Masters,1
61,28498,Female,Masters,1
18,93667,Female,PhD,1
27,45107,Male,PhD,1
60,48793,Male,PhD,0
33,22696,Female,Bachelors,0
63,73839,Female,Bachelors,1
25,109241,Female,Bachelors,1
66,43397,Male,PhD,1
42,27704,Female,Masters,0
67,36442,Male,Masters,0
29,83788,Female,Masters,0
42,29765,Female,PhD,1
34,30002,Male,PhD,0
43,31390,Male,Bachelors,1
63,64436,Female,PhD,1
65,104482,Male,Masters,1
31,26641,Male,Bachelors,1
58,53709,Female,Bachelors,1
53,59309,Male,PhD,0
40,35624,Male,Bachelors,0
60,29966,Female,Bachelors,0
23,109350,Female,PhD,1
64,54189,Male,Bachelors,0
22,91301,Female,Masters,1
60,115758,Male,PhD,1
42,37223,Male,Masters,1
35,98183,Male,Masters,0
30,24959,Female,Masters,0
60,47257,Male,Masters,0
31,117520,Male,Bachelors,0
45,70802,Male,Bachelors,1
35,107748,Female,PhD,1
45,47215,Female,PhD,1
68,75046,Female,Masters,1
44,114593,Male,Masters,1
49,54094,Male,PhD,0
64,58669,Female,PhD,0
26,56126,Male,PhD,1
57,119889,Male,PhD,1
49,99036,Male,Masters,1
37,36772,Male,PhD,1
45,68586,Female,Bachelors,1
50,71943,Female,Masters,0
21,88868,Female,Bachelors,1
63,69855,Male,PhD,0
51,42218,Male,Bachelors,0
65,101008,Female,PhD,1
20,77205,Female,Bachelors,1
43,24959,Female,Masters,0
25,102979,Male,Bachelors,0
23,65134,Female,Masters,0
33,45874,Male,Bachelors,1
41,21301,Female,Bachelors,0
65,78017,Male,Masters,1
56,63319,Male,Masters,0
47,109616,Female,PhD,1
62,106219,Male,Masters,1
30,115192,Male,Masters,0
22,42455,Female,PhD,1
42,24112,Female,Masters,1
37,77033,Female,Masters,0
35,78360,Male,Bachelors,1
64,102418,Male,PhD,0
35,52145,Female,PhD,0
19,52735,Female,Bachelors,0
27,92781,Male,PhD,1
62,87641,Female,Bachelors,1
67,41711,Female,Masters,0
64,25630,Male,PhD,1
29,85488,Male,Masters,0
64,23206,Female,PhD,0
30,76289,Male,Masters,0
67,38953,Male,PhD,1
64,30068,Female,PhD,1
28,98930,Female,Masters,1
36,75916,Female,Bachelors,0
52,21067,Male,PhD,0
56,70658,Female,Bachelors,1
43,72165,Male,Bachelors,1
63,100781,Female,Bachelors,0
31,29859,Male,Bachelors,0
62,49164,Male,Bachelors,0
61,100913,Female,Bachelors,0
41,119251,Male,PhD,1
58,40773,Female,Bachelors,1
18,77295,Female,PhD,0
68,53939,Male,PhD,0
60,68599,Male,PhD,1
39,26114,Male,Masters,0
40,118475,Female,Bachelors,0
36,32818,Female,Masters,1
35,29335,Female,Bachelors,1
29,75008,Female,Masters,1
45,91745,Female,PhD,0
45,63148,Female,Masters,0
50,23577,Male,PhD,1
36,93916,Female,Masters,1
45,24076,Female,Bachelors,0
69,52925,Female,Bachelors,0
66,71869,Female,Masters,0
54,79314,Male,Masters,1
43,61205,Male,Bachelors,1
52,31095,Male,Masters,0
51,104715,Female,Masters,1
52,76680,Female,Bachelors,1
57,48400,Female,PhD,1
33,104297,Male,Bachelors,0
55,87346,Female,Bachelors,0
30,107110,Female,Masters,1
40,48562,Male,Bachelors,0
39,60663,Male,Bachelors,1
33,38510,Female,Masters,1
45,81608,Male,Masters,0
65,92489,Female,PhD,1
52,72182,Female,Bachelors,1
62,107667,Male,PhD,1
63,46883,Female,PhD,1
25,91427,Male,PhD,1
61,55844,Male,PhD,1
39,38728,Female,Bachelors,0
38,118923,Male,Bachelors,1
43,31094,Female,Bachelors,0
57,22407,Female,PhD,0
38,75412,Male,Masters,0
42,32644,Male,Bachelors,0
58,105834,Male,PhD,0
18,80746,Female,PhD,1
23,72748,Female,PhD,1
40,79021,Female,PhD,0
68,82651,Female,PhD,1
40,56807,Female,PhD,0
60,54072,Female,Bachelors,1
60,58398,Female,Masters,0
40,48669,Male,Bachelors,0
49,50161,Female,Bachelors,0
47,27282,Female,PhD,1
30,46539,Male,Bachelors,1
60,23307,Female,Masters,0
35,37745,Female,Masters,0
40,59433,Male,PhD,1
32,54555,Female,Masters,1
50,21073,Male,PhD,0
38,52683,Female,Masters,0
56,45741,Female,Masters,0
40,42286,Male,Bachelors,1
44,23599,Male,Masters,0
62,47293,Female,PhD,1
61,35389,Female,Masters,1
35,32318,Male,Masters,0
41,68875,Female,Bachelors,1
68,23055,Male,PhD,0
64,102579,Male,PhD,0
57,26320,Male,PhD,1
68,24642,Female,Bachelors,0
59,112694,Female,Masters,1
24,29321,Female,PhD,1
67,99968,Male,Masters,0
65,108293,Female,Masters,1
37,79618,Male,Masters,1
44,46044,Male,Bachelors,0
23,41971,Female,Masters,1
44,45727,Female,Bachelors,0
26,42559,Male,Bachelors,0
62,93820,Female,Bachelors,1
48,103201,Male,PhD,1
38,47476,Female,Bachelors,0
43,82683,Male,PhD,1
57,30991,Female,Bachelors,0
65,105097,Male,Bachelors,1
62,90047,Female,Bachelors,0
30,30796,Male,Bachelors,0
66,23881,Male,Masters,1
40,35668,Male,Masters,1
37,54312,Male,Bachelors,1
54,48106,Male,Masters,0
45,112758,Male,PhD,0
34,35729,Female,Masters,1
45,90320,Male,Masters,1
58,74913,Male,Masters,0
19,77026,Female,Bachelors,1
42,79402,Female,PhD,1
67,57282,Male,Bachelors,0
58,119449,Female,PhD,1
23,94638,Female,Bachelors,0
28,58218,Male,Masters,0
55,37950,Male,PhD,1
23,79739,Female,Masters,1
62,24507,Female,PhD,1
28,66303,Female,PhD,0
31,99059,Female,Bachelors,0
19,44667,Female,Bachelors,0
57,23992,Female,Masters,1
20,93563,Male,Masters,0
52,107680,Female,PhD,0
50,45530,Male,PhD,0
41,35305,Male,Bachelors,1
36,72129,Female,Bachelors,0
35,107267,Male,Bachelors,1
66,106209,Female,Bachelors,1
69,118833,Male,Bachelors,0
41,72044,Female,PhD,0
62,111378,Male,PhD,0
52,109363,Female,Masters,1
18,78817,Male,PhD,1
53,66666,Female,Bachelors,1
42,46173,Male,PhD,1
62,38909,Male,PhD,0
66,83967,Male,PhD,0
60,51007,Female,Masters,1
51,32985,Female,Masters,1
42,42525,Female,PhD,1
33,57403,Female,PhD,1
51,57193,Female,Bachelors,1
46,23830,Male,Masters,1
36,76144,Female,Bachelors,1
40,20533,Female,Bachelors,1
36,40946,Male,PhD,0
42,43504,Female,PhD,0
33,75715,Female,PhD,1
68,48255,Female,Bachelors,0
26,76441,Female,Bachelors,0
18,56855,Female,Bachelors,0
59,61721,Female,PhD,1
36,61850,Male,PhD,1
50,54723,Female,PhD,1
51,55739,Female,Bachelors,0
33,25539,Female,Bachelors,1
61,93029,Male,Masters,0
57,84509,Male,PhD,1
35,41311,Male,Bachelors,1
51,89180,Male,Masters,0
42,105981,Female,Bachelors,1
62,55934,Male,Bachelors,0
23,29511,Female,PhD,1
38,20183,Female,Masters,1
23,29475,Female,Bachelors,1
49,104766,Male,Masters,0
58,83130,Female,Masters,1
65,79577,Male,PhD,0
60,46008,Female,Masters,0
56,96868,Male,PhD,0
48,67941,Male,PhD,1
59,62756,Female,PhD,1
27,90258,Female,Masters,1
47,100730,Female,Bachelors,1
69,112167,Male,PhD,1
35,47912,Male,Bachelors,0
41,102702,Male,Masters,0
69,70659,Female,Bachelors,0
26,66840,Male,Bachelors,0
48,101512,Female,PhD,0
32,58623,Male,PhD,0
21,83303,Male,PhD,1
57,66062,Male,Masters,0
26,76690,Female,Bachelors,0
62,97582,Female,Masters,0
26,118980,Female,Masters,0
43,43634,Male,Masters,1
21,24090,Male,Masters,0
34,65266,Male,PhD,1
33,50008,Male,Bachelors,1
32,107643,Female,PhD,0
52,78704,Male,PhD,0
69,82866,Male,Masters,1
22,28382,Female,PhD,0
22,67774,Female,Bachelors,0
37,94570,Female,Masters,0
32,94062,Male,PhD,1
35,109609,Female,Masters,0
64,66698,Male,Bachelors,1
19,21110,Female,Masters,1
46,101981,Male,PhD,1
30,20386,Male,PhD,0
21,78513,Male,Bachelors,1
59,104120,Male,Bachelors,0
62,119987,Male,Masters,1
27,67801,Male,PhD,0
48,116085,Female,Bachelors,0
58,91857,Male,Bachelors,1
25,109976,Male,PhD,1
20,51566,Male,Bachelors,1
65,52521,Male,Bachelors,0
63,43798,Female,PhD,0
26,33565,Male,Bachelors,0
47,43027,Male,PhD,1
28,117631,Female,PhD,0
52,25631,Male,Masters,0
54,109865,Female,PhD,0
59,76878,Male,Bachelors,1
30,65206,Male,Masters,1
53,78582,Female,Masters,0
30,78334,Female,Bachelors,1
29,92323,Female,Masters,1
54,73619,Male,Bachelors,1
27,46875,Female,Masters,1
26,44514,Female,Bachelors,1
69,42580,Male,PhD,1
24,105827,Male,PhD,1
19,24288,Male,Masters,1
40,26734,Female,Masters,1
56,103000,Male,PhD,0
57,59008,Female,Bachelors,0
56,69349,Female,Masters,1
38,27814,Female,PhD,1
40,63154,Female,Masters,1
46,27851,Male,PhD,1
31,21600,Male,PhD,0
43,76614,Female,PhD,1
68,92402,Female,Bachelors,0
22,23692,Male,Masters,0
48,78027,Male,Bachelors,0
42,40373,Female,Bachelors,0
48,118636,Female,PhD,0
67,82805,Female,Bachelors,0
37,100383,Female,Masters,1
61,34507,Female,Masters,1
34,82931,Male,PhD,0
62,95499,Female,PhD,1
19,91642,Male,Masters,0
42,92869,Female,Masters,1
30,117449,Male,PhD,0
56,116819,Female,Bachelors,0
45,59423,Male,Masters,1
59,115351,Male,PhD,0
23,106120,Female,PhD,1
20,110918,Female,Masters,0
52,86600,Male,PhD,1
35,61848,Male,Masters,1
28,26820,Male,PhD,1
37,28512,Female,PhD,1
22,56725,Male,Bachelors,1
36,71534,Female,PhD,0
39,105151,Female,Masters,0
36,59776,Female,Masters,1
64,80945,Female,Bachelors,0
33,103420,Female,Masters,0
41,67455,Female,PhD,1
58,103488,Male,Bachelors,1
21,72433,Male,Masters,0
32,29711,Female,PhD,1
42,79262,Male,Bachelors,1
61,106009,Male,PhD,1
52,103785,Female,Masters,0
31,29597,Male,Masters,1
66,80067,Female,Masters,0
36,107520,Female,Masters,1
55,68022,Female,Bachelors,0
53,101924,Female,Masters,1
24,38782,Male,Bachelors,1
47,71782,Male,Bachelors,1
36,92144,Female,PhD,0
66,118651,Male,Masters,0
42,75013,Female,PhD,0
33,92036,Female,PhD,0
64,55342,Male,PhD,1
57,105745,Male,PhD,1
68,40977,Female,PhD,0
25,77396,Male,Masters,0
35,70021,Female,PhD,0
45,89057,Female,Bachelors,0
33,86836,Male,Bachelors,0
69,47075,Female,Masters,0
36,109515,Male,Bachelors,1
59,50802,Female,PhD,0
34,97761,Female,Bachelors,0
62,97017,Female,PhD,0
30,106753,Female,Masters,1
24,75822,Female,Bachelors,0
44,71603,Male,Bachelors,1
27,100291,Female,Bachelors,1
51,110450,Male,Masters,0
53,55592,Male,Masters,1
42,76006,Male,Bachelors,0
23,46269,Female,Masters,1
41,70138,Male,PhD,0
35,82398,Male,Masters,0
40,110091,Male,Bachelors,1
23,39874,Female,PhD,0
46,77228,Female,Bachelors,0
42,82670,Female,Bachelors,1
34,27925,Female,Bachelors,1
63,23107,Male,Masters,0
41,106388,Female,Bachelors,1
28,115719,Male,PhD,0
43,47617,Female,PhD,1
68,94258,Male,PhD,1
51,70075,Female,Bachelors,1
45,42631,Female,PhD,0
20,82444,Female,PhD,0
28,117158,Female,PhD,0
55,27883,Male,PhD,0
31,39708,Female,Masters,0
68,66221,Female,Bachelors,1
43,37197,Female,Bachelors,0
65,41134,Male,PhD,1
38,53550,Female,Bachelors,1
56,34642,Female,PhD,1
47,40439,Male,PhD,0
25,117779,Male,PhD,1
68,44583,Male,Bachelors,0
37,113885,Female,Masters,0
65,99538,Male,Bachelors,0
49,82014,Female,Bachelors,0
39,39523,Male,Masters,1
24,90543,Female,Bachelors,0
26,105971,Male,Masters,1
62,110629,Male,PhD,1
18,96830,Male,Masters,0
46,65538,Female,PhD,1
25,67310,Male,Masters,1
21,30908,Female,PhD,1
52,77290,Male,Bachelors,0
20,73634,Male,Masters,1
62,32699,Male,Bachelors,0
57,86912,Female,PhD,0
24,34255,Female,Masters,0
44,99183,Female,Masters,0
18,80282,Male,Masters,1
44,78249,Female,Bachelors,1
33,58176,Female,PhD,1
55,28163,Male,Bachelors,0
24,74210,Male,Masters,1
61,91979,Female,PhD,0
40,98860,Female,PhD,1
58,41143,Male,Bachelors,0
28,24920,Female,Bachelors,0
59,102911,Male,Masters,0
50,57996,Male,Masters,0
67,31748,Female,Masters,1
53,114071,Female,Masters,0
54,101251,Male,PhD,1
58,67252,Female,Masters,1
34,83179,Male,Masters,1
52,26450,Female,Masters,0
65,72756,Male,Bachelors,0
22,70235,Female,Bachelors,0
65,110546,Female,Bachelors,1
49,20020,Male,Masters,0
20,100253,Female,PhD,0
69,29664,Male,Masters,1
64,86635,Female,Bachelors,0
52,43225,Female,Bachelors,1
69,88173,Female,Masters,1
31,105333,Female,PhD,1
65,60225,Male,PhD,0
48,30807,Male,PhD,0
48,103274,Female,Bachelors,1
34,26402,Male,Bachelors,1
41,24521,Male,PhD,0
69,83165,Female,Masters,0
40,28382,Male,PhD,1
35,35065,Male,Masters,1
67,105470,Female,Bachelors,1
31,34425,Female,Bachelors,0
67,33111,Female,Bachelors,1
32,60799,Female,PhD,0
32,73257,Male,PhD,1
23,81177,Female,Bachelors,0
44,101046,Male,Bachelors,1
32,57851,Male,Bachelors,0
67,28816,Female,PhD,0
53,97853,Male,PhD,0
25,22175,Male,Bachelors,0
32,31341,Male,PhD,0
20,83908,Female,PhD,0
64,45654,Male,PhD,1
30,80895,Female,PhD,1
58,79696,Female,Bachelors,1
51,77889,Male,Bachelors,0
41,107144,Male,PhD,0
57,103115,Female,Bachelors,1
49,50194,Female,Bachelors,0
49,54837,Female,Bachelors,0
47,88894,Female,Masters,1
69,104358,Female,Bachelors,1
66,61576,Male,Bachelors,1
30,39727,Female,PhD,1
18,54579,Male,PhD,1
51,116554,Female,Masters,1
32,36555,Male,Masters,1
61,73294,Female,Bachelors,0
31,69777,Male,Bachelors,0
46,25906,Male,PhD,0
51,60751,Female,Bachelors,0
35,89599,Male,Bachelors,1
24,94180,Female,Bachelors,0
46,93678,Female,Bachelors,0
48,51644,Male,Bachelors,0
42,53521,Male,Bachelors,0
55,31564,Female,Bachelors,1
31,90640,Female,Bachelors,0
25,47299,Female,PhD,1
44,67958,Male,Masters,1
19,76078,Male,Bachelors,0
34,33421,Female,PhD,1
54,108747,Male,Bachelors,0
31,31202,Male,Bachelors,1
42,62185,Male,Masters,1
47,23685,Female,PhD,1
46,110197,Female,Bachelors,0
37,62637,Male,Masters,0
38,38366,Male,Masters,0
39,44276,Female,Bachelors,0
52,100946,Male,Bachelors,1
54,68239,Female,PhD,0
33,95214,Female,PhD,1
67,44575,Female,Bachelors,1
66,61401,Female,Bachelors,1
60,61230,Female,Masters,1
34,99424,Female,PhD,1
33,102263,Female,Bachelors,1
19,88617,Male,Bachelors,1
21,43021,Female,PhD,1
38,29449,Male,Bachelors,1
56,35657,Male,Masters,1
51,55059,Male,Masters,1
47,21532,Female,Bachelors,0
23,70805,Male,PhD,1
34,101551,Female,Masters,0
56,57756,Female,PhD,0
42,91880,Male,PhD,1
22,94642,Male,PhD,1
22,54206,Male,Masters,1
37,72168,Male,Masters,1
33,95188,Female,Bachelors,0
68,44550,Male,PhD,0
58,26389,Male,Masters,1
54,107897,Male,Masters,0
57,55847,Male,Bachelors,1
26,99239,Male,Masters,1
22,38642,Female,Masters,1
59,56509,Female,Masters,0
19,99417,Female,Bachelors,0
26,69237,Male,Bachelors,0
60,35414,Male,PhD,1
53,83176,Female,Masters,0
39,99865,Female,Bachelors,1
39,82059,Female,Bachelors,1
39,69150,Female,Bachelors,0
51,108367,Male,PhD,1
46,61091,Male,PhD,1
55,93124,Male,PhD,1
63,20903,Female,PhD,1
50,74235,Female,PhD,0
35,78565,Female,Masters,1
24,75342,Male,Masters,1
18,62723,Male,Bachelors,1
50,55572,Female,PhD,0
18,37610,Male,PhD,1
41,54052,Female,Bachelors,1
21,118993,Female,Masters,0
21,107063,Female,PhD,1
35,57550,Male,PhD,0
44,74033,Female,PhD,1
60,49011,Female,Masters,0
49,54764,Male,Masters,1
50,117540,Female,PhD,0
45,73533,Female,PhD,0
59,44064,Male,Bachelors,1
58,69581,Female,Bachelors,1
53,48702,Female,Masters,0
23,105701,Female,Bachelors,1
33,28631,Male,PhD,1
51,107388,Female,Masters,0
40,90043,Female,Bachelors,0
67,86063,Female,Masters,1
59,48981,Male,PhD,1
41,55764,Male,Bachelors,1
66,70513,Male,Bachelors,1
30,119007,Female,Bachelors,0
35,86198,Male,PhD,0
30,44940,Female,Masters,0
66,91792,Male,Bachelors,0
54,48432,Male,Masters,1
60,28367,Male,Masters,0
56,45511,Male,Masters,0
59,28573,Female,PhD,1
34,35582,Male,PhD,1
32,25378,Female,Bachelors,0
35,85296,Female,Bachelors,1
40,33500,Female,Masters,0
68,85841,Male,Masters,1
47,41881,Male,Masters,1
51,90233,Female,PhD,0
21,71542,Male,PhD,1
20,85285,Female,Bachelors,0
24,79547,Male,Masters,0
35,82151,Male,Masters,0
59,27222,Female,PhD,1
24,27933,Male,Bachelors,0
57,103385,Female,Masters,0
23,109772,Female,Masters,0
39,118706,Male,Bachelors,0
18,98437,Male,Masters,0
21,26940,Male,PhD,0
63,104590,Female,Bachelors,1
66,79145,Male,Masters,0
69,63610,Male,Masters,1
67,77520,Male,PhD,1
60,24544,Male,PhD,0
46,110854,Female,PhD,1
38,74812,Male,Masters,1
43,91610,Female,Masters,0
31,71500,Male,Masters,1
26,59618,Male,Bachelors,0
64,119054,Male,PhD,1
29,45444,Female,Bachelors,0
59,105982,Female,PhD,1
68,114079,Male,Masters,0
68,76586,Female,Bachelors,0
23,44789,Female,Bachelors,1
37,21617,Male,PhD,0
41,23333,Male,Bachelors,0
44,60002,Male,Bachelors,1
55,83620,Male,Masters,0
25,107688,Male,PhD,0
18,109627,Male,Bachelors,1
66,20511,Female,Masters,1
66,57850,Male,Bachelors,1
41,102172,Male,Masters,1
64,106053,Male,Bachelors,1
24,51786,Male,Masters,1
36,94356,Female,Masters,0
39,56244,Female,PhD,1
52,94714,Female,Masters,1
47,87261,Male,Bachelors,1
46,38477,Male,Masters,0
39,66533,Female,Masters,0
28,54469,Female,Bachelors,0
37,28496,Male,Bachelors,1
46,32270,Male,Masters,0
68,96008,Male,Bachelors,0
58,40724,Male,Masters,0
59,50416,Male,Masters,0
51,55575,Female,Masters,1
18,101190,Male,Bachelors,1
48,96614,Female,PhD,1
47,113566,Male,PhD,1
65,93108,Female,Masters,1
35,37408,Female,Masters,1
34,39359,Female,Bachelors,0
55,28698,Male,PhD,1
31,90392,Male,PhD,1
40,113063,Male,PhD,1
42,59492,Female,Bachelors,1
32,94781,Female,Bachelors,1
63,63634,Male,Bachelors,0
39,62864,Female,Masters,0
20,114482,Female,Bachelors,0
36,57355,Female,Masters,0
61,57690,Female,Masters,0
51,57814,Male,Masters,1
52,51645,Female,Masters,0
67,104814,Male,Bachelors,0
18,92739,Female,Bachelors,1
69,76630,Female,PhD,0
38,68171,Male,PhD,0
46,41658,Female,Masters,1
23,35797,Male,PhD,1
54,78799,Male,PhD,1
18,118342,Male,PhD,0
68,116494,Male,Masters,0
18,72236,Male,PhD,0
44,26265,Male,Bachelors,1
38,92134,Male,Masters,0
33,102678,Female,Bachelors,0
61,73494,Male,Masters,0
57,72268,Female,Bachelors,0
43,46998,Female,PhD,1
33,111426,Female,Masters,1
45,114414,Male,Bachelors,1
18,81339,Male,Masters,1
53,34306,Female,Bachelors,0
27,84006,Male,PhD,1
60,67345,Female,Masters,0
34,31885,Female,Masters,1
40,63826,Female,Bachelors,1
24,75597,Male,Bachelors,0
61,27443,Female,PhD,0
24,117375,Male,Bachelors,1
61,37084,Female,Bachelors,0
32,109447,Male,Bachelors,1
51,24383,Female,PhD,0
63,112313,Male,PhD,1
62,54361,Female,Masters,1
21,100294,Male,PhD,1
31,81331,Male,Bachelors,1
31,115057,Male,Masters,0
33,40529,Female,PhD,0
24,78574,Female,PhD,1
49,108627,Female,Bachelors,1
36,116917,Male,Bachelors,1
19,50932,Male,PhD,0
27,21908,Female,Masters,1
67,50358,Female,Bachelors,0
34,50412,Male,PhD,0
54,103710,Female,PhD,1
29,101032,Male,Bachelors,0
23,22928,Male,Masters,1
39,85158,Male,Masters,1
49,50632,Female,Masters,0
58,52309,Male,Bachelors,0
37,29280,Female,Bachelors,1
18,60449,Male,Bachelors,0
64,107171,Female,Masters,0
23,46957,Female,Masters,0
36,56895,Male,Bachelors,1
35,90499,Male,Bachelors,1
23,113057,Male,Bachelors,0
62,118151,Male,Masters,1
50,41695,Female,PhD,1
40,94893,Female,PhD,0
40,83123,Female,Masters,0
43,45176,Female,Bachelors,0
30,38409,Female,Bachelors,1
24,76967,Male,Bachelors,1
32,20987,Male,Bachelors,0
61,74462,Female,Masters,1
44,87501,Male,PhD,1
43,116854,Male,PhD,1
50,46015,Male,Masters,0
32,114727,Male,Bachelors,1
53,86404,Male,PhD,1
62,70281,Male,Masters,0
44,57146,Female,Bachelors,1
22,68231,Male,PhD,1
19,49032,Male,Masters,0
50,48305,Female,PhD,1
33,74306,Female,PhD,0
40,108176,Female,Masters,1
55,38318,Male,Masters,1
33,33246,Female,PhD,0
31,53844,Male,PhD,0
46,52602,Female,Masters,0
43,41584,Male,Bachelors,1
52,35169,Male,Bachelors,1
32,45968,Female,Bachelors,0
20,26385,Male,Bachelors,0
40,93758,Male,Masters,0
46,45444,Male,Bachelors,1
51,82497,Male,PhD,1
50,25362,Female,Bachelors,0
58,119254,Female,Masters,1
58,28250,Female,Bachelors,1
40,88354,Male,Bachelors,1
24,56368,Female,Masters,0
20,64109,Female,Bachelors,1
49,100589,Male,Masters,0
48,77645,Female,Bachelors,0
35,76997,Female,Masters,0
60,47426,Female,Bachelors,0
24,59023,Male,PhD,0
58,79267,Female,PhD,0
18,44892,Female,Masters,1
31,79232,Female,Masters,0
69,114897,Male,Masters,1
49,79225,Male,PhD,1
23,36007,Female,Masters,1
56,99777,Female,Bachelors,1
27,64858,Female,Masters,0
24,65073,Male,Masters,1
43,109438,Male,Bachelors,0
51,110042,Female,Bachelors,0
47,103098,Female,PhD,1
53,40239,Male,Bachelors,0
38,82969,Male,Bachelors,1
34,33065,Female,Masters,0
50,61291,Male,PhD,0
27,58805,Female,Bachelors,0
68,118831,Female,PhD,1
64,38443,Male,Bachelors,1
59,29290,Female,PhD,0
68,20211,Female,Bachelors,0
29,103634,Female,Masters,1
33,39072,Female,PhD,0
58,63290,Female,PhD,1
49,105186,Female,Bachelors,1
32,35115,Female,PhD,1
44,25149,Male,Bachelors,1
45,61992,Male,PhD,0
34,37716,Female,PhD,1
63,117724,Male,Masters,1
67,33621,Female,Masters,1
19,26820,Female,PhD,1
53,62800,Male,Masters,0
67,75043,Female,PhD,1
24,50399,Female,Bachelors,0
30,34002,Male,PhD,1
32,63098,Male,PhD,1
42,65511,Male,Masters,0
40,73243,Male,Masters,1
39,48750,Male,Bachelors,0
43,111610,Male,Bachelors,1
50,37310,Female,Bachelors,0
28,75398,Male,PhD,0
27,102542,Male,Bachelors,0
42,95207,Female,Bachelors,0
54,64345,Female,Masters,0
65,113430,Male,Masters,1
60,111729,Female,Bachelors,0
55,71843,Female,Bachelors,0
58,30222,Female,PhD,1
62,109322,Female,PhD,0
41,51509,Female,Masters,1
57,20386,Female,Bachelors,1
63,84334,Female,Bachelors,0
50,87170,Male,Bachelors,0
34,60878,Female,Bachelors,0
41,89669,Male,Bachelors,0
54,58349,Female,PhD,0
19,41952,Female,PhD,0
49,110352,Male,Bachelors,1
41,41529,Female,PhD,1
26,91303,Female,PhD,1
21,61521,Male,Bachelors,1
34,38383,Female,PhD,0
34,24901,Female,Bachelors,0
67,62889,Male,PhD,1
65,34633,Male,Bachelors,0
47,82244,Female,Bachelors,0
57,39163,Male,PhD,1
28,79019,Female,PhD,1
38,30707,Female,Masters,1
38,108112,Male,Bachelors,1
35,103597,Male,Bachelors,0
46,65101,Male,Bachelors,1
41,64706,Male,Bachelors,0
27,97084,Female,PhD,1
62,35115,Male,PhD,1
34,95379,Male,Masters,1
35,59979,Female,Bachelors,0
59,60641,Female,Masters,0
65,89377,Female,Masters,0
37,26416,Female,Masters,0
54,30633,Female,Masters,1
62,20594,Female,Masters,1
35,34393,Female,PhD,1
34,55380,Female,PhD,1
26,65056,Female,Masters,0
31,108279,Male,PhD,1
66,117507,Male,PhD,1
46,24861,Female,Masters,1
48,56126,Male,PhD,0
21,100382,Female,PhD,0
35,111713,Female,Bachelors,0
37,53682,Female,Masters,1
64,38228,Female,Bachelors,0
60,44009,Male,Bachelors,0
61,20094,Male,Masters,1
26,100636,Female,Bachelors,0
30,72221,Male,Bachelors,1
32,118453,Male,PhD,1
44,37430,Female,Bachelors,0
32,55571,Female,Masters,1
45,74486,Male,PhD,1
54,110510,Male,PhD,1
36,116665,Female,PhD,1
43,82294,Female,Masters,0
69,40860,Male,Masters,1
43,92812,Female,Masters,0
42,86087,Female,Bachelors,1
43,28486,Female,Bachelors,1
43,103063,Male,PhD,1
63,69607,Male,PhD,1
45,29745,Female,Masters,1
66,98533,Male,Masters,1
35,38330,Female,Bachelors,1
49,60078,Male,Bachelors,0
20,75332,Male,Masters,0
19,74532,Male,Masters,0
50,110365,Female,Bachelors,1
59,63336,Female,PhD,0
36,28070,Female,PhD,1
34,21320,Male,Bachelors,0
61,109043,Female,Bachelors,0
50,58921,Female,PhD,1
29,26589,Female,Bachelors,1
66,84409,Female,PhD,1
20,112995,Male,PhD,1
60,35589,Female,Bachelors,1
66,56375,Female,Masters,0
43,63085,Male,Masters,1
52,80840,Female,Masters,1
25,63200,Male,Masters,1
69,118704,Male,Masters,0
53,46732,Male,Masters,1
24,117047,Female,Masters,0
63,42426,Male,Bachelors,0
63,50982,Male,Bachelors,0
53,79720,Male,Masters,0
33,36746,Female,Bachelors,1
41,48514,Male,PhD,1
18,84889,Male,Masters,1
66,23851,Male,PhD,1
42,39796,Female,Bachelors,0
27,96034,Male,Masters,0
33,82798,Male,PhD,1
33,118388,Female,Bachelors,1
25,82985,Female,Masters,1
46,54592,Female,Masters,0
56,64845,Male,PhD,0
45,35930,Male,PhD,0
23,41159,Male,PhD,1
33,115072,Male,Bachelors,0
37,109788,Female,PhD,0
33,44003,Male,PhD,0
24,55139,Female,PhD,1
58,72452,Male,Masters,0
31,42205,Male,PhD,1
60,116059,Male,PhD,1
43,76955,Female,Bachelors,1
43,27464,Female,Bachelors,0
31,102646,Female,PhD,1
24,92657,Female,Bachelors,0
50,29840,Male,Bachelors,0
43,60768,Male,Bachelors,1
62,29461,Male,Masters,1
37,40927,Male,PhD,1
20,109934,Male,PhD,0
69,118622,Female,PhD,1
21,35329,Female,Bachelors,0
43,35791,Male,Bachelors,1
28,72627,Male,Bachelors,0
19,34372,Male,Masters,1
31,112890,Male,Bachelors,1
61,68469,Female,Masters,0
47,107073,Male,PhD,1
66,54370,Male,Bachelors,1
29,71408,Male,Masters,1
43,110941,Male,Masters,1
61,43703,Female,Bachelors,0
50,35234,Male,Masters,0
30,27532,Female,Bachelors,0
31,55416,Female,Masters,0
41,92439,Male,PhD,0
51,38242,Male,PhD,1
61,70254,Male,PhD,0
43,99324,Male,Bachelors,1
38,55249,Male,PhD,0
45,115049,Female,PhD,1
65,105078,Female,PhD,0
53,52294,Female,Bachelors,1
57,79784,Female,Masters,0
19,23684,Female,Bachelors,1
59,43795,Male,Bachelors,1
26,80301,Male,PhD,1
40,89187,Female,Masters,1
32,30431,Male,PhD,1
30,95667,Male,PhD,0
40,109627,Female,Bachelors,1
34,110381,Female,Bachelors,1
65,110027,Female,Bachelors,1
19,75372,Male,PhD,0
37,90366,Female,Masters,1
37,114176,Female,Masters,1
63,92870,Male,PhD,0
20,67387,Male,Masters,0
29,72927,Female,PhD,1
57,29304,Male,Masters,1
19,37032,Female,PhD,0
53,111291,Male,Masters,1
31,79486,Female,Bachelors,1
33,85552,Male,Bachelors,1
36,93844,Male,Bachelors,0
51,49654,Male,Bachelors,1
61,59244,Female,PhD,1
63,25942,Female,Masters,0
23,70697,Female,PhD,0
30,22693,Male,Bachelors,0
53,76751,Male,Masters,1
39,101098,Male,PhD,1
35,26259,Female,Bachelors,0
29,24942,Male,Masters,1
69,67419,Female,Masters,0
47,76105,Female,Bachelors,1
68,85907,Female,Bachelors,1
57,47383,Female,Masters,1
24,43404,Female,Bachelors,1
49,92656,Male,PhD,1
65,25702,Male,Bachelors,1
36,93883,Male,Bachelors,0
23,76332,Male,Bachelors,1
37,59419,Male,Masters,0
44,110576,Male,Masters,1
60,108078,Female,Bachelors,0
54,93844,Male,Masters,0
65,59242,Female,Bachelors,1
24,54142,Female,PhD,1
22,116226,Female,Masters,1
28,27393,Female,Bachelors,0
32,89939,Female,Masters,1
20,89082,Male,PhD,1
22,48893,Male,PhD,1
40,29388,Male,Bachelors,1
54,82969,Female,Masters,0
26,56660,Male,PhD,1
32,109244,Male,Masters,0
20,44726,Female,Bachelors,0
46,99544,Female,PhD,1
23,82996,Male,PhD,1
34,20111,Female,Masters,0
43,37545,Female,PhD,1
38,60168,Female,Bachelors,0
25,22379,Male,Bachelors,0
38,115773,Female,PhD,1
28,107346,Female,Bachelors,1
55,61120,Female,PhD,1
25,37809,Female,PhD,0
59,72813,Female,PhD,0
41,94005,Male,PhD,1
52,47967,Male,Masters,1
31,29748,Female,PhD,0
31,43424,Female,Bachelors,0
27,106512,Male,Masters,1
29,43914,Male,Bachelors,0
55,115603,Female,PhD,1
61,98478,Female,Bachelors,0
63,39491,Male,Masters,1
51,69454,Female,Bachelors,1
58,90069,Female,Masters,0
27,71925,Male,PhD,0
34,109119,Male,PhD,1
34,57049,Male,Bachelors,1
20,47821,Male,Bachelors,1
48,115797,Female,PhD,1
68,49945,Female,PhD,0
18,37384,Female,Bachelors,1
29,48410,Female,PhD,0
56,97734,Male,Masters,0
21,83766,Male,Masters,1
59,114890,Female,Bachelors,0
30,27169,Female,Bachelors,0
51,60129,Female,PhD,1
59,117445,Male,PhD,1
38,23830,Male,Masters,1
39,76306,Male,Bachelors,1
21,106940,Female,Bachelors,1
35,85267,Female,Bachelors,0
22,47757,Female,Bachelors,1
36,83867,Male,Masters,1
19,55650,Female,Masters,0
29,53766,Male,Bachelors,1
34,101478,Female,Masters,1
27,52419,Female,Bachelors,1
51,36668,Male,Masters,0
23,36246,Male,PhD,1
25,44996,Female,Masters,1
68,71312,Male,Bachelors,1
28,23065,Male,PhD,1
29,30467,Male,Bachelors,1
26,70646,Male,PhD,0
19,41007,Male,PhD,1
25,88079,Female,Masters,1
28,48702,Female,Masters,1
53,114369,Female,PhD,1
27,95569,Female,PhD,1
38,73952,Male,PhD,0
37,78065,Female,Bachelors,0
65,54169,Male,Masters,1
25,36829,Female,Bachelors,1
53,80135,Female,Masters,0
46,24522,Male,Bachelors,0
59,105687,Female,Masters,0
29,55319,Female,PhD,1
31,46543,Female,PhD,0
65,50473,Female,Masters,1
67,27699,Female,PhD,1
38,88165,Female,PhD,0
39,60455,Female,Bachelors,1
38,95692,Male,Masters,1
61,37441,Female,PhD,0
67,50716,Female,Masters,1
47,82175,Female,Bachelors,0
56,26834,Female,Masters,0
37,38179,Female,Bachelors,0
41,46219,Female,Bachelors,1
40,35782,Male,Bachelors,0
24,101363,Female,PhD,0
26,94967,Female,Bachelors,1
18,29496,Male,Masters,0
43,108867,Male,Masters,1
55,59238,Female,PhD,1
55,66025,Female,PhD,0
61,79886,Female,Bachelors,0
39,43563,Male,Bachelors,1
61,23712,Male,Bachelors,0
27,114067,Female,PhD,1
23,65489,Female,PhD,0
34,52664,Male,Masters,1
68,32420,Male,Bachelors,0
67,74610,Male,Bachelors,0
55,25315,Male,Masters,1
41,90917,Female,Masters,0
68,95033,Male,Masters,0
27,114576,Male,Masters,1
25,117911,Female,Bachelors,1
38,99030,Male,PhD,1
23,83910,Female,Bachelors,0
38,117288,Male,Masters,0
56,80972,Female,PhD,1
41,110893,Male,Bachelors,1
50,75919,Female,Masters,0
35,102486,Female,PhD,1
45,101288,Male,PhD,1
69,24132,Female,PhD,1
49,61598,Female,Bachelors,0
29,113812,Male,Masters,0
65,40551,Female,Bachelors,1
59,112511,Female,Bachelors,0
44,88206,Male,Bachelors,0
27,94900,Male,PhD,1
63,46296,Female,Masters,0
69,110216,Female,Bachelors,1
59,38066,Female,Masters,0
49,48892,Female,PhD,1
59,95577,Female,Bachelors,1
43,94590,Male,Masters,1
42,97173,Female,PhD,0
28,96293,Male,Bachelors,1
40,84771,Male,Bachelors,0
51,47484,Male,Masters,1
69,97865,Male,Masters,0
57,119074,Female,Bachelors,1
40,47115,Female,Bachelors,1
46,46038,Female,PhD,0
48,56622,Male,PhD,1
24,55886,Male,Bachelors,1
57,71284,Female,Masters,0
50,29901,Male,Masters,0
38,76377,Female,Bachelors,1
19,102910,Male,PhD,1
35,69862,Male,Bachelors,0
64,52806,Male,Masters,1
50,37659,Male,Bachelors,1
54,43453,Male,Bachelors,0
51,50498,Male,PhD,1
37,90393,Male,Masters,1
52,36312,Female,Masters,0
68,21436,Female,Bachelors,1
67,47569,Male,Masters,1
35,78813,Male,Masters,1
63,110485,Female,Masters,1
41,93229,Male,Masters,1
25,65986,Female,PhD,0
47,73177,Female,PhD,1
61,29305,Female,PhD,1
27,52646,Female,PhD,0
40,112838,Female,PhD,1
69,96126,Male,Masters,1
66,60430,Male,Bachelors,1
28,88659,Female,Bachelors,0
19,24158,Male,PhD,1
43,94236,Female,Masters,0
53,96067,Male,PhD,0
50,47738,Male,Bachelors,1
64,29879,Male,Masters,0
30,25543,Male,Masters,0
57,67924,Male,Masters,0
42,62348,Male,Bachelors,0
21,104117,Male,Bachelors,1
59,56679,Male,PhD,1
36,99118,Female,PhD,1
35,63888,Female,Bachelors,1
54,50276,Male,PhD,0
47,24799,Male,Bachelors,1
36,110627,Male,Masters,1
40,113770,Female,PhD,0
33,110141,Male,Bachelors,1
18,80558,Male,Bachelors,0
29,56534,Female,Bachelors,1
41,51668,Female,PhD,1
51,24111,Female,PhD,1
25,44686,Male,Masters,0
35,92551,Female,PhD,1
65,92392,Male,PhD,1
22,36490,Female,PhD,0
43,55194,Male,Masters,1
47,34497,Male,Masters,1
30,73516,Male,Masters,0
36,108730,Female,PhD,0
46,64104,Male,Bachelors,1
20,25316,Male,PhD,0
43,58130,Male,Masters,0
57,90229,Female,PhD,0
29,49954,Male,PhD,1
19,41652,Male,Bachelors,1
28,34178,Male,Bachelors,0
61,71163,Male,PhD,0
45,34751,Female,Masters,1
35,85961,Male,PhD,0
30,23044,Female,PhD,0
54,83165,Female,PhD,1
39,31480,Male,Masters,1
29,85439,Female,Masters,1
19,63874,Female,Masters,0
54,86775,Female,Masters,0
24,26566,Male,Masters,0
43,105311,Female,PhD,1
43,73149,Female,Masters,0
41,23006,Male,PhD,1
29,92561,Male,PhD,1
33,39423,Female,PhD,0
40,110710,Female,Bachelors,1
57,112199,Female,Masters,0
26,53952,Male,Masters,0
49,47326,Female,PhD,1
32,51139,Male,Bachelors,0
54,82103,Female,Masters,1
30,80857,Female,PhD,1
22,93638,Male,Bachelors,1
28,92652,Female,PhD,0
27,32937,Male,Bachelors,0
69,50161,Female,PhD,0
30,24383,Male,Masters,1
58,105856,Male,PhD,1
63,90043,Female,PhD,0
67,34735,Male,Bachelors,1
32,79919,Female,Bachelors,0
59,115249,Male,Masters,0
24,102055,Male,PhD,0
57,87561,Male,Bachelors,0
45,105455,Female,Masters,1
49,57622,Male,Masters,0
52,58135,Male,Bachelors,1
32,55658,Male,Bachelors,1
65,104677,Female,PhD,0
53,49696,Female,Masters,0
38,23773,Male,Bachelors,1
23,44956,Male,Masters,0
18,35819,Female,PhD,1
21,21528,Male,Bachelors,1
28,106491,Male,Masters,1
61,64588,Male,Bachelors,1
43,90585,Male,PhD,0
54,119152,Male,PhD,0
40,40511,Male,PhD,0
46,30119,Female,PhD,1
38,95893,Male,Bachelors,0
65,36167,Male,Bachelors,1
62,76503,Female,Masters,1
62,107789,Female,Masters,1
66,54889,Female,Bachelors,0
44,65678,Female,Bachelors,0
56,115334,Male,Masters,1
57,80262,Female,Bachelors,0
30,24681,Male,PhD,1
40,100291,Female,PhD,0
33,86008,Female,PhD,0
47,118417,Female,Masters,0
21,33690,Male,Bachelors,1
57,45912,Female,Masters,0
33,26473,Female,Masters,0
48,61298,Female,Bachelors,1
59,38669,Male,Masters,0
42,119500,Male,PhD,1
61,101998,Female,Bachelors,0
29,40943,Male,PhD,1
43,58785,Female,PhD,1
54,83427,Male,Bachelors,0
65,82001,Female,PhD,1
50,81724,Male,PhD,1
45,30832,Female,PhD,0
26,25385,Male,Bachelors,0
29,115898,Male,Bachelors,0
22,34708,Female,Bachelors,0
69,78600,Female,Masters,1
45,43438,Male,PhD,1
52,102747,Female,Masters,0
22,100107,Female,Masters,0
51,80062,Female,PhD,0
63,85428,Female,Bachelors,0
51,106843,Male,Masters,1
30,31002,Female,Bachelors,1
56,56153,Male,Bachelors,1
59,42440,Male,PhD,1
62,87501,Female,Masters,1
65,52556,Female,Masters,0
31,87963,Male,Bachelors,0
28,110725,Female,PhD,1
59,110674,Female,Masters,1
55,26563,Male,Bachelors,0
21,99923,Male,Bachelors,1
50,25840,Male,Bachelors,1
24,35154,Female,PhD,1
58,44194,Female,PhD,1
25,85020,Male,Bachelors,0
54,66861,Male,Bachelors,1
68,42448,Female,PhD,1
27,116460,Female,Bachelors,1
60,43528,Female,Bachelors,1
32,49402,Male,PhD,1
55,24352,Female,Bachelors,0
32,20184,Female,Bachelors,0
22,30384,Male,Bachelors,0
46,34319,Female,PhD,1
36,40449,Male,PhD,1
68,76333,Female,PhD,0
27,61205,Male,Masters,0
29,30426,Male,Masters,1
21,27504,Male,Masters,1
48,76578,Female,Masters,0
35,78209,Female,PhD,1
33,53368,Female,Bachelors,1
57,72185,Female,PhD,0
53,117630,Male,Masters,1
42,100221,Female,PhD,1
40,28724,Female,Bachelors,1
29,25084,Male,Masters,0
51,54810,Male,Bachelors,1
53,102277,Male,Bachelors,1
54,102297,Male,Bachelors,0
20,98872,Female,Masters,1
26,40872,Male,PhD,1
35,98950,Female,Masters,1
60,90333,Female,Masters,0
52,88843,Male,PhD,0
51,118104,Male,PhD,1
58,22596,Male,PhD,0
31,37167,Male,PhD,0
21,107844,Male,Bachelors,0
46,109751,Female,Masters,0
58,97331,Male,Masters,0
62,100520,Female,Masters,0
67,78326,Male,PhD,0
32,97670,Female,Masters,0
45,30782,Female,Bachelors,0
59,62002,Female,Masters,1
33,107187,Male,Masters,0
29,44022,Male,Bachelors,0
69,104458,Male,Bachelors,1
22,34618,Female,Masters,1
51,37245,Female,PhD,1
59,103796,Male,PhD,1
18,30027,Male,Masters,0
56,33986,Female,Masters,0
49,23526,Female,Masters,0
43,111797,Male,Masters,1
34,64361,Male,PhD,0
65,87158,Male,Masters,0
44,58286,Female,Bachelors,1
41,49533,Female,PhD,1
52,38316,Male,PhD,1
63,28699,Male,Bachelors,1
59,99491,Male,Masters,1
56,117079,Male,Masters,0
43,78465,Male,Masters,1
66,36673,Female,Masters,1
55,43395,Male,Masters,0
40,43707,Female,Bachelors,0
39,104749,Female,Masters,0
21,95937,Female,Bachelors,1
66,106732,Female,Bachelors,1
26,76416,Female,Bachelors,0
21,111512,Female,Masters,0
24,28758,Female,Masters,1
40,87009,Female,PhD,0
19,33281,Male,PhD,0
66,52548,Male,Bachelors,0
41,38371,Male,PhD,0
57,113899,Male,Bachelors,1
48,97593,Male,PhD,1
64,39644,Female,Masters,1
48,113659,Female,Masters,0
64,43874,Female,Bachelors,1
57,108659,Female,Bachelors,1
65,34281,Female,Masters,0
68,88787,Male,Masters,0
60,42289,Male,Masters,1
51,25054,Female,PhD,0
41,86846,Male,PhD,0
66,114682,Male,PhD,1
43,69769,Male,PhD,1
33,49312,Male,Bachelors,1
64,116517,Male,Bachelors,0
30,24257,Female,PhD,0
32,35846,Male,Bachelors,0
44,42483,Male,PhD,0
21,46558,Female,PhD,0
33,63188,Female,Masters,0
47,33012,Female,PhD,1
61,53236,Female,Bachelors,1
47,65076,Female,PhD,0
53,68402,Female,Masters,1
20,114467,Female,Bachelors,1
39,52076,Female,Masters,1
66,100337,Male,PhD,0
39,95164,Female,PhD,1
67,94264,Female,PhD,1
67,37335,Male,PhD,0
66,63773,Female,Bachelors,0
29,72158,Female,PhD,0
38,48570,Female,Masters,1
21,107995,Female,Bachelors,1
48,60658,Male,Bachelors,1
61,79184,Male,Bachelors,0
48,92613,Female,Masters,0
40,78194,Male,Masters,0
37,87507,Male,Masters,1
32,53959,Male,Masters,1
40,73072,Male,PhD,1
45,65588,Male,PhD,0
33,60533,Male,Masters,0
54,88582,Female,Masters,1
38,81743,Female,PhD,1
32,64518,Male,PhD,1
34,32703,Male,Masters,0
67,69456,Male,Bachelors,1
54,75491,Female,Bachelors,0
30,28043,Female,Masters,1
36,88340,Female,Bachelors,1
47,30176,Female,PhD,1
62,23936,Female,Bachelors,1
35,51174,Female,Masters,1
31,102632,Male,Bachelors,1
53,108768,Female,Bachelors,1
53,45909,Female,Bachelors,1
37,64158,Female,PhD,1
69,28366,Male,PhD,1
36,105125,Female,PhD,0
62,74337,Male,Masters,0
61,79331,Male,Bachelors,1
24,82197,Female,PhD,1
61,92042,Female,PhD,0
21,70924,Female,Bachelors,0
51,48842,Male,Masters,0
19,37458,Female,Bachelors,1
22,107367,Male,Masters,1
27,85382,Male,Bachelors,1
49,94319,Female,PhD,1
59,31170,Female,PhD,0
58,100145,Female,PhD,0
30,64942,Male,Masters,0
56,108571,Female,Bachelors,0
22,36208,Male,Masters,1
27,55178,Female,PhD,0
27,99172,Male,Masters,0
55,29039,Female,Masters,1
44,34990,Female,Masters,1
68,26441,Male,Bachelors,1
38,94221,Male,Masters,0
25,99314,Female,Masters,0
18,65959,Male,Masters,1
45,46862,Male,PhD,1
66,47273,Male,PhD,1
56,113949,Male,Bachelors,1
31,62500,Female,PhD,0
38,23956,Male,Bachelors,1
47,92089,Female,PhD,0
38,108789,Female,Bachelors,1
66,109451,Female,Bachelors,1
26,22365,Male,Bachelors,0
34,92204,Female,PhD,1
22,25000,Female,Masters,1
48,77072,Female,PhD,1
69,72499,Female,Masters,0
57,89211,Female,PhD,0
55,32907,Male,Masters,1
60,37336,Female,PhD,1
36,105220,Male,Bachelors,0
53,113847,Female,Bachelors,0
67,72331,Female,Bachelors,0
50,100672,Male,Masters,1
30,97755,Male,Masters,1
31,88783,Female,Bachelors,1
50,89951,Female,Masters,1
46,72509,Female,Bachelors,0
60,26472,Female,PhD,0
66,42380,Female,Masters,0
53,47280,Male,Masters,1
61,41859,Female,PhD,0
27,119341,Female,Masters,1
48,68402,Male,Masters,0
23,28262,Male,Masters,1
18,31066,Female,PhD,1
24,35554,Male,Bachelors,0
44,27008,Male,Bachelors,0
38,107851,Male,PhD,0
45,100799,Female,PhD,0
33,36238,Female,PhD,0
63,102025,Female,Bachelors,0
40,37153,Male,PhD,1
69,79353,Female,Bachelors,0
37,72092,Female,PhD,1
55,63152,Male,Masters,1
42,69104,Female,Bachelors,1
45,44283,Male,Bachelors,0
22,66429,Male,PhD,0
38,97223,Male,Masters,0
35,108534,Male,Bachelors,0
64,74957,Female,PhD,0
23,48887,Female,Masters,0
46,66172,Female,Bachelors,1
36,24355,Male,PhD,1
50,53701,Female,Masters,1
18,61534,Female,Bachelors,1
62,91442,Male,Bachelors,1
20,81274,Male,Masters,0
59,98108,Female,PhD,0
38,32279,Male,PhD,1
52,63491,Female,Masters,1
58,96147,Male,Bachelors,1
57,28261,Male,Masters,0
20,24474,Female,Masters,0
42,111414,Male,Masters,0
62,48390,Male,Bachelors,0
55,46925,Male,Masters,0
62,102174,Female,Masters,0
37,79051,Female,Bachelors,0
69,109007,Female,Bachelors,1
61,24787,Male,Masters,1
62,93398,Male,PhD,0
51,78177,Male,Masters,1
38,63724,Male,Bachelors,0
65,30663,Female,Bachelors,1
40,36120,Female,Bachelors,0
23,42740,Male,PhD,0
68,22035,Female,Bachelors,1
30,77443,Female,PhD,0
66,87388,Female,Bachelors,1
40,72335,Male,Bachelors,0
26,63315,Female,Masters,1
34,84165,Female,PhD,0
19,66627,Female,Masters,1
36,28303,Female,PhD,0
36,69334,Female,Bachelors,1
24,75892,Male,Bachelors,1
59,81196,Female,PhD,1
59,85700,Female,Masters,1
37,59726,Male,PhD,0
26,95751,Female,PhD,1
34,69606,Male,PhD,0
44,50694,Male,Bachelors,0
64,51253,Male,PhD,0
19,44230,Male,Bachelors,0
53,73974,Female,Masters,0
36,83545,Female,Bachelors,0
34,36925,Male,Masters,0
22,26033,Female,Masters,0
56,82461,Male,Masters,1
35,22665,Female,Bachelors,1
24,47025,Female,PhD,0
34,43533,Male,Bachelors,1
56,65897,Female,Masters,1
53,97661,Male,PhD,0
57,40998,Female,Bachelors,1
62,81248,Female,Masters,1
21,43057,Female,Masters,1
55,99244,Male,PhD,0
42,103608,Male,Bachelors,0
22,90631,Male,PhD,1
47,117031,Female,PhD,0
29,87173,Male,PhD,0
21,100206,Male,PhD,1
41,58734,Male,Bachelors,1
46,82072,Female,PhD,1
26,84175,Female,Masters,1
21,83783,Female,Masters,0
68,114194,Female,Masters,0
41,90739,Male,PhD,0
31,107054,Female,Masters,0
22,71042,Male,Bachelors,0
35,72357,Female,PhD,0
59,28669,Male,PhD,0
36,87902,Male,PhD,0
29,38910,Female,Bachelors,0
35,76959,Male,PhD,1
34,116623,Male,PhD,0
47,20366,Male,Masters,0
41,68415,Male,Masters,0
28,29907,Female,PhD,1
52,115825,Female,Bachelors,1
40,52780,Male,Masters,0
34,77879,Female,PhD,0
18,105159,Male,Masters,1
32,55085,Male,Masters,0
49,85499,Female,Bachelors,1
26,40426,Male,PhD,0
32,68197,Female,Masters,1
45,27485,Male,PhD,1
41,69527,Female,Bachelors,0
52,84600,Female,Bachelors,1
39,118560,Male,Masters,1
44,111005,Female,Bachelors,1
36,101439,Male,Masters,0
62,88748,Female,PhD,0
29,78528,Male,Masters,1
37,47799,Female,Masters,1
18,66339,Female,Bachelors,0
38,36087,Female,PhD,0
66,27446,Male,PhD,0
62,70460,Female,Masters,1
18,114817,Male,PhD,0
27,78260,Female,PhD,0
64,34877,Female,Masters,0
49,44723,Male,Masters,0
56,32943,Female,PhD,1
39,30306,Male,Masters,1
35,56784,Male,Bachelors,0
65,40455,Male,PhD,1
63,110027,Male,Masters,0
49,91448,Male,PhD,1
44,49974,Female,PhD,0
45,47371,Male,Bachelors,0
35,118746,Female,Bachelors,1
56,23936,Male,PhD,0
66,53166,Male,Bachelors,0
46,45727,Female,Masters,1
35,83969,Female,PhD,0
61,48368,Male,Bachelors,1
25,88531,Male,PhD,0
48,59097,Female,PhD,0
51,54984,Female,Masters,1
24,70859,Male,Masters,1
53,64291,Male,Masters,0
35,85228,Male,Bachelors,0
55,112099,Female,Bachelors,1
26,42150,Male,Bachelors,1
26,42061,Female,Masters,0
63,49178,Female,PhD,0
25,76790,Male,Masters,0
68,85696,Male,Bachelors,1
52,35648,Female,Bachelors,0
35,81779,Male,Bachelors,1
22,56672,Male,Masters,0
31,89109,Female,Bachelors,1
45,80521,Male,Masters,0
47,54593,Female,PhD,1
21,33786,Female,Masters,1
56,114036,Male,Bachelors,0
37,29815,Female,PhD,1
42,41966,Female,Bachelors,1
45,33794,Male,PhD,1
29,51423,Female,Bachelors,0
19,119480,Male,Masters,0
60,41302,Female,Bachelors,0
31,81064,Female,Masters,0
39,106800,Female,Masters,1
48,105140,Female,PhD,1
40,47835,Female,Masters,0
65,93356,Female,Masters,1
37,69282,Female,Masters,1
55,72714,Male,PhD,0
21,87035,Female,Bachelors,0
32,43814,Male,Bachelors,1
41,44089,Female,Masters,0
42,93162,Female,Masters,1
18,75831,Male,Bachelors,1
24,52746,Male,Masters,0
48,101673,Male,Bachelors,0
29,71940,Female,PhD,1
59,106796,Male,Masters,0
22,56476,Female,Masters,1
61,46283,Female,Bachelors,1
67,21769,Male,Bachelors,0
59,62278,Female,PhD,0
55,66994,Male,Masters,0
29,82898,Male,Bachelors,0
56,35634,Male,PhD,1
35,30965,Male,Bachelors,0
19,47566,Female,Bachelors,0
27,72196,Female,PhD,0
32,118679,Male,PhD,1
47,68285,Male,PhD,0
61,75499,Female,PhD,0
34,39420,Female,PhD,0
21,45236,Male,PhD,0
24,26218,Female,Masters,0
58,69892,Female,PhD,1
48,94031,Female,Masters,1
68,119389,Female,Bachelors,1
56,84057,Male,Bachelors,0
51,98609,Female,PhD,0
23,96907,Male,Bachelors,1
67,103130,Male,PhD,0
55,31226,Male,PhD,1
62,72271,Female,Masters,0
68,30046,Female,Bachelors,1
51,57117,Male,PhD,1
61,24965,Female,Bachelors,0
32,79478,Male,Masters,0
31,98872,Male,Bachelors,0
23,77277,Female,Masters,0
67,105379,Female,Masters,0
54,79613,Female,Masters,1
67,37373,Male,PhD,0
49,65452,Male,PhD,1
20,70089,Female,Bachelors,0
20,26654,Male,PhD,1
39,51280,Male,PhD,1
39,76141,Male,Bachelors,1
27,107943,Female,Masters,0
68,87894,Female,Masters,1
20,46583,Female,Bachelors,0
29,114242,Male,PhD,1
46,26360,Female,Bachelors,0
65,73968,Male,Bachelors,1
34,23743,Male,PhD,0
24,27159,Male,Bachelors,0
30,52151,Female,PhD,1
19,20518,Male,PhD,1
21,36652,Female,Bachelors,0
27,98461,Male,Masters,1
56,91011,Female,PhD,0
41,62348,Female,Masters,0
34,95422,Female,PhD,1
69,97001,Female,Masters,0
23,96757,Female,Bachelors,1
36,44395,Female,PhD,0
22,22335,Female,Bachelors,0
49,90112,Female,Bachelors,0
27,20500,Male,Bachelors,0
26,112211,Male,PhD,1
44,28083,Male,Bachelors,0
30,101256,Male,Bachelors,1
36,25543,Male,PhD,0
38,88812,Female,Bachelors,0
41,72237,Female,PhD,1
55,116171,Female,Bachelors,0
21,109716,Female,Masters,0
41,26613,Female,Bachelors,1
52,86863,Male,Masters,0
20,60540,Male,PhD,0
21,96202,Female,Masters,0
54,46255,Male,PhD,1
57,105666,Male,Bachelors,1
65,42068,Female,Masters,1
52,69057,Female,Bachelors,1
48,38946,Male,Masters,1
61,40547,Male,PhD,1
42,105237,Female,PhD,1
57,25769,Male,PhD,1
30,44883,Female,PhD,0
21,81340,Male,Bachelors,1
63,99199,Male,Bachelors,0
31,55162,Female,Bachelors,0
30,108388,Male,Bachelors,0
44,105924,Female,Bachelors,0
23,53434,Male,PhD,0
34,42102,Male,Bachelors,1
53,41536,Female,Bachelors,1
57,97891,Male,Bachelors,0
66,87770,Female,PhD,1
52,70388,Female,PhD,1
34,70775,Male,PhD,1
58,51147,Female,PhD,1
19,70526,Female,Bachelors,1
30,43659,Female,Bachelors,0
69,102096,Male,Masters,0
19,43088,Female,Bachelors,0
69,88464,Female,PhD,0
45,79998,Male,PhD,0
60,60382,Female,Bachelors,1
43,48184,Female,Masters,1
39,40099,Female,PhD,0
64,89810,Male,Masters,0
60,110506,Male,PhD,1
20,111280,Male,PhD,1
52,57739,Male,Bachelors,0
29,28389,Male,PhD,0
41,37352,Male,Masters,1
22,41148,Female,Masters,1
37,51828,Male,Bachelors,0
56,88040,Male,PhD,1
56,76795,Male,Masters,1
30,78620,Male,Bachelors,0
58,114279,Female,Masters,1
62,114430,Female,Bachelors,0
29,116531,Male,Masters,1
30,77114,Female,PhD,0
27,60711,Male,Masters,1
50,37748,Female,Masters,1
57,108636,Male,Bachelors,0
33,53691,Male,Bachelors,0
62,108517,Male,Bachelors,1
52,85282,Male,Masters,0
20,118244,Female,Bachelors,0
22,80360,Male,PhD,1
43,30246,Female,Bachelors,1
28,79395,Female,Bachelors,1
24,52486,Female,PhD,0
27,50340,Male,Bachelors,1
59,104874,Female,Bachelors,1
69,70300,Female,Masters,0
51,23086,Female,Masters,0
20,111071,Male,Bachelors,0
25,34860,Female,PhD,1
48,37013,Male,Bachelors,0
28,27407,Female,Bachelors,1
62,53542,Female,Bachelors,1
24,44935,Male,Masters,1
62,69079,Male,PhD,1
19,54111,Female,PhD,0
23,76550,Male,PhD,0
58,95697,Female,Masters,0
49,109117,Female,Masters,0
37,117813,Male,Bachelors,1
51,106936,Male,Masters,0
67,96955,Male,Bachelors,1
33,60565,Female,Masters,0
42,39283,Female,Bachelors,0
29,86470,Female,Masters,1
24,106916,Male,PhD,1
56,99552,Male,Bachelors,1
34,58233,Male,Masters,0
62,42695,Female,Masters,1
28,110488,Male,Bachelors,0
23,62734,Male,Masters,1
40,101257,Female,PhD,0
44,21505,Male,Bachelors,1
63,25363,Male,Bachelors,1
23,68708,Female,Bachelors,1
55,63614,Female,Bachelors,1
19,21010,Female,Bachelors,0
39,39861,Female,PhD,0
37,44125,Female,Bachelors,0
42,29369,Female,PhD,0
32,89393,Male,PhD,1
66,46671,Male,PhD,1
46,95400,Female,Bachelors,0
25,84512,Female,PhD,0
54,118026,Male,Bachelors,0
66,95656,Female,PhD,0
69,105759,Female,Bachelors,0
50,117686,Male,Masters,1
39,64138,Male,Masters,1
67,73420,Female,PhD,0
64,88089,Female,Masters,0
22,35489,Male,PhD,1
56,79789,Female,PhD,0
35,89925,Male,PhD,0
55,69703,Male,Masters,1
54,107486,Female,PhD,1
47,96625,Male,Masters,1
68,78228,Male,Masters,0
48,23051,Male,Bachelors,0
27,58090,Female,Masters,1
32,48805,Female,Bachelors,0
59,114978,Female,PhD,0
65,64557,Male,PhD,0
61,22555,Male,Bachelors,0
35,70241,Female,PhD,0
40,98303,Male,Bachelors,1
50,85994,Male,Bachelors,0
33,36066,Female,PhD,1
55,24721,Male,Bachelors,1
52,97982,Male,Bachelors,0
51,26304,Male,Bachelors,1
45,62967,Male,PhD,1
19,98763,Male,PhD,0
47,60462,Male,PhD,1
30,91834,Female,PhD,0
58,70155,Female,PhD,0
33,95842,Male,Masters,1
22,22589,Female,Masters,0
45,57078,Female,Bachelors,1
56,74918,Female,Masters,1
62,33601,Male,PhD,0
37,27711,Female,PhD,0
41,106900,Male,PhD,0
44,79430,Female,Bachelors,0
47,83327,Female,Bachelors,0
62,119242,Male,Bachelors,0
44,115146,Female,Bachelors,0
43,23970,Male,Bachelors,0
24,89535,Female,Bachelors,0
59,106570,Female,Masters,0
64,56176,Female,PhD,1
55,61730,Female,Masters,1
22,102168,Male,Bachelors,0
40,33385,Male,PhD,0
45,25950,Female,PhD,0
51,93511,Male,PhD,0
32,73009,Female,Masters,0
49,106850,Male,PhD,1
43,43398,Male,Bachelors,0
65,45277,Male,Bachelors,0
48,46761,Female,Masters,1
36,84435,Male,Masters,0
26,83944,Male,Bachelors,0
46,51533,Female,Masters,1
68,92502,Female,PhD,0
56,92123,Female,Masters,0
21,42880,Male,PhD,1
20,90627,Male,PhD,0
46,61753,Male,PhD,1
69,116666,Male,PhD,0
28,102597,Male,PhD,1
50,107829,Male,Bachelors,1
55,21561,Female,Bachelors,0
28,73205,Male,Bachelors,1
44,79810,Male,PhD,1
50,84482,Male,Masters,0
38,89192,Female,Masters,1
56,107154,Male,PhD,1
48,106066,Female,Masters,0
55,107408,Male,PhD,1
63,48330,Female,Masters,0
19,36139,Female,PhD,1
44,52977,Female,Masters,1
53,24983,Male,Masters,1
28,59909,Female,Bachelors,1
64,84480,Male,Masters,0
35,69029,Female,Masters,1
18,41329,Male,PhD,0
52,56734,Female,Masters,0
52,62837,Female,Masters,1
48,94354,Male,Masters,0
45,96454,Female,Masters,1
56,86786,Male,Masters,0
18,24758,Female,Bachelors,1
42,87699,Female,Masters,0
60,102673,Male,PhD,0
55,117639,Male,PhD,1
37,41832,Male,Masters,1
20,21868,Female,Masters,0
68,70665,Male,Masters,0
19,61862,Male,Bachelors,0
35,39728,Female,PhD,0
61,113565,Male,Bachelors,0
27,59857,Male,Bachelors,0
22,48183,Female,Masters,1
26,108321,Female,Masters,1
19,38940,Female,PhD,1
51,25280,Female,Masters,0
55,22164,Female,PhD,0
48,112724,Male,Bachelors,1
27,99624,Female,PhD,1
67,38405,Female,PhD,1
29,22821,Female,PhD,1
53,75090,Male,Bachelors,1
38,42516,Male,Bachelors,1
66,30473,Male,Masters,1
64,66454,Male,Masters,1
23,62530,Female,PhD,0
65,97714,Female,PhD,1
66,112554,Female,Bachelors,1
20,102633,Male,Bachelors,1
27,99632,Female,Bachelors,0
22,89081,Male,PhD,1
63,44798,Male,PhD,0
43,20863,Male,Bachelors,0
38,36148,Female,PhD,0
62,106545,Female,Bachelors,0
43,74459,Female,Masters,0
55,103345,Female,Bachelors,1
61,104224,Male,PhD,1
43,86189,Female,PhD,0
25,28129,Male,PhD,0
22,111954,Male,PhD,0
32,43118,Male,Bachelors,0
33,20443,Male,Bachelors,0
18,47041,Male,Masters,1
33,109379,Male,Bachelors,0
54,41053,Male,Masters,0
20,116384,Female,Bachelors,0
69,57204,Female,Bachelors,1
64,62240,Male,PhD,1
48,113749,Female,Masters,1
30,81102,Female,PhD,0
33,28291,Female,PhD,0
60,36285,Female,Bachelors,1
38,112422,Male,Bachelors,1
19,81589,Female,Masters,1
44,33944,Male,Masters,0
55,108876,Male,Bachelors,0
43,115561,Female,Masters,1
55,74391,Female,Bachelors,1
63,21607,Male,Bachelors,0
42,22953,Male,Bachelors,1
28,64941,Female,Masters,0
25,91469,Female,PhD,1
25,96922,Male,Masters,0
50,81683,Female,PhD,0
24,90218,Male,Masters,1
55,31154,Male,PhD,0
38,29047,Male,PhD,0
25,108529,Male,Masters,1
68,95874,Female,Masters,0
38,34323,Male,PhD,1
37,57693,Male,Bachelors,0
25,78730,Female,PhD,1
63,109170,Female,PhD,0
48,46292,Male,Bachelors,0
67,65111,Female,PhD,1
46,95453,Female,Bachelors,1
65,95681,Male,Bachelors,0
26,115253,Female,Masters,1
32,59491,Female,PhD,1
47,69336,Female,PhD,0
43,36905,Female,Bachelors,1
27,50273,Female,PhD,0
46,46234,Male,Bachelors,1
33,98885,Female,PhD,0
53,86538,Male,PhD,1
37,52573,Male,Bachelors,0
62,113339,Female,Bachelors,0
54,84320,Female,PhD,1
39,31330,Female,PhD,1
24,112040,Female,Bachelors,0
40,100516,Female,Masters,1
58,92553,Female,Masters,0
57,61353,Female,PhD,0
46,36011,Female,PhD,1
33,103537,Female,PhD,1
55,80985,Female,Bachelors,1
45,37044,Female,PhD,0
65,58292,Female,PhD,1
55,25250,Male,PhD,1
48,43289,Female,Masters,1
31,53087,Male,PhD,0
50,95952,Male,PhD,1
26,110695,Female,Bachelors,1
44,56368,Male,Masters,0
41,90815,Female,Bachelors,1
30,110693,Female,PhD,0
43,81040,Male,PhD,1
46,78900,Female,PhD,0
68,35494,Male,PhD,0
66,65166,Male,PhD,0
60,111110,Female,Bachelors,1
45,45333,Male,PhD,1
45,53050,Male,PhD,0
25,117799,Female,Masters,1
40,118075,Male,Masters,1
46,99566,Female,PhD,1
22,108257,Female,PhD,0
59,68070,Female,PhD,1
24,25166,Female,PhD,0
59,27121,Male,PhD,0
53,34677,Female,PhD,1
58,76561,Male,Bachelors,1
44,116777,Male,Bachelors,0
63,101909,Female,Bachelors,1
19,107409,Female,Masters,1
42,57664,Female,PhD,0
26,21293,Male,Masters,1
44,42443,Female,Masters,0
18,69212,Male,Masters,0
40,104131,Female,Bachelors,1
27,95276,Female,PhD,0
59,32559,Male,PhD,1
69,85231,Male,Masters,1
42,59044,Female,Bachelors,1
20,41747,Female,Masters,0
23,93509,Female,Masters,0
23,100869,Male,PhD,0
19,50129,Female,Bachelors,1
35,20037,Female,PhD,1
40,117847,Male,Masters,0
19,68503,Female,PhD,1
29,48207,Male,Masters,1
39,53241,Male,Bachelors,0
54,20058,Female,PhD,0
37,88172,Female,PhD,0
56,116171,Male,PhD,1
41,34834,Male,PhD,1
65,101113,Female,PhD,1
37,47190,Male,Bachelors,0
18,92832,Male,Bachelors,0
18,41383,Female,PhD,0
34,44660,Male,Masters,0
18,22674,Male,Masters,1
69,42820,Male,PhD,0
62,105040,Male,PhD,1
47,45666,Male,Bachelors,0
58,63794,Male,Bachelors,1
64,22076,Female,PhD,0
20,84854,Female,PhD,1
63,72342,Female,Masters,1
28,57555,Female,Bachelors,0
41,75208,Male,PhD,1
39,52406,Female,Bachelors,0
61,81572,Male,PhD,1
62,60262,Female,PhD,0
43,111320,Male,PhD,0
30,106661,Female,PhD,0
18,43216,Male,Masters,1
41,88117,Female,PhD,1
27,101136,Female,Masters,0
52,50284,Female,Masters,1
41,40171,Female,PhD,0
45,110627,Female,Bachelors,1
53,34333,Male,Bachelors,0
33,50535,Female,PhD,0
57,109023,Male,PhD,0
33,95940,Female,PhD,0
34,53700,Female,Bachelors,0
68,103583,Female,Bachelors,1
32,61516,Male,PhD,1
33,35577,Female,Bachelors,1
32,109834,Female,Masters,1
51,35015,Male,Bachelors,0
28,111104,Male,Bachelors,0
18,111740,Male,PhD,0
32,117284,Male,Masters,1
43,111803,Female,PhD,0
68,41236,Male,Bachelors,1
21,118151,Male,Masters,1
60,86640,Female,PhD,1
22,103190,Male,Bachelors,0
52,65704,Male,Masters,1
30,62369,Male,PhD,1
27,23646,Female,Masters,1
28,107007,Male,Bachelors,1
35,45906,Male,PhD,1
51,106643,Male,Bachelors,0
56,67728,Female,Masters,1
58,34878,Female,Bachelors,1
59,29145,Male,Masters,1
67,108578,Female,PhD,0
40,38226,Male,Bachelors,1
24,22802,Female,PhD,0
56,44119,Female,PhD,1
20,83560,Male,PhD,0
29,77353,Male,PhD,0
24,112721,Male,Bachelors,0
66,82126,Female,Bachelors,1
43,91641,Male,PhD,1
50,71712,Female,PhD,1
54,72189,Female,Masters,1
65,77784,Male,PhD,0
32,88285,Female,Masters,1
19,62949,Female,Masters,1
58,54129,Male,PhD,0
24,44512,Female,Bachelors,0
49,99031,Female,Masters,0
21,83554,Male,Bachelors,0
37,22064,Male,PhD,1
67,115614,Male,PhD,1
53,71567,Female,PhD,0
49,50011,Female,PhD,0
45,91152,Female,Masters,1
30,93511,Male,Masters,0
18,30960,Female,Bachelors,0
52,113528,Female,Bachelors,0
65,78920,Female,Masters,1
47,41387,Male,PhD,1
53,35324,Male,Bachelors,1
42,83960,Male,Masters,0
33,91779,Female,Bachelors,1
36,52628,Female,Masters,0
18,95096,Male,PhD,1
22,67452,Male,Masters,0
68,61098,Female,Bachelors,0
39,90459,Male,Masters,1
41,59235,Female,Bachelors,1
60,106861,Male,Bachelors,0
62,47949,Male,Bachelors,0
69,42821,Male,PhD,0
54,91612,Female,PhD,0
53,42032,Male,Masters,0
53,93537,Female,Masters,1
21,35303,Male,Bachelors,0
53,101993,Male,PhD,1
69,32303,Female,Masters,1
35,70701,Female,Masters,1
67,70511,Male,PhD,1
33,100664,Female,Bachelors,0
58,38280,Male,Masters,1
35,59427,Female,Bachelors,1
39,117180,Female,PhD,1
19,26967,Male,PhD,0
38,26661,Male,Masters,1
53,97952,Female,Masters,1
61,86046,Female,PhD,1
56,55200,Male,Bachelors,0
64,87442,Female,Bachelors,0
56,81671,Female,PhD,0
46,111070,Female,Masters,1
43,78168,Female,PhD,0
38,68322,Male,Masters,0
34,101984,Male,Bachelors,0
33,57696,Female,Masters,1
48,90246,Female,Bachelors,0
68,58892,Male,PhD,1
26,35583,Female,Masters,1
48,102720,Female,Bachelors,1
31,75215,Female,Masters,1
66,44853,Female,Bachelors,0
54,26109,Female,Bachelors,0
19,79757,Male,PhD,1
69,26659,Female,PhD,1
65,21238,Female,Masters,1
63,35064,Female,Bachelors,1
31,51115,Male,PhD,0
50,51952,Female,Masters,0
52,25620,Female,PhD,1
56,119790,Male,Masters,0
64,64258,Male,PhD,0
68,24470,Male,PhD,0
37,42003,Male,Bachelors,0
19,47571,Female,Bachelors,1
68,44668,Female,PhD,0
58,97259,Female,Bachelors,1
36,116576,Male,PhD,0
54,52046,Female,Masters,0
35,90977,Male,PhD,1
33,97255,Male,PhD,0
21,25397,Female,Masters,1
29,119925,Male,Masters,0
46,103481,Male,Bachelors,1
24,42233,Female,Masters,0
31,103336,Female,Bachelors,1
29,80308,Male,PhD,0
52,89726,Female,Masters,1
22,83219,Female,PhD,0
34,21130,Male,Bachelors,1
59,34071,Male,Masters,1
49,105517,Female,Bachelors,0
27,22118,Female,Bachelors,1
60,20663,Male,Masters,1
34,82408,Female,Masters,0
22,71786,Male,Bachelors,0
62,101271,Male,Masters,0
59,39158,Female,Bachelors,1
26,51087,Female,PhD,1
66,108114,Female,PhD,0
50,73121,Female,Masters,1
53,39874,Female,Masters,0
53,103443,Male,PhD,1
35,60821,Female,Bachelors,0
26,80582,Male,Bachelors,1
46,42787,Female,Bachelors,0
67,84703,Male,Masters,0
31,41705,Female,Bachelors,0
42,89381,Female,Masters,1
32,64653,Male,Masters,1
23,102018,Female,Masters,1
59,111626,Female,PhD,0
46,106217,Male,Bachelors,1
32,52252,Male,Masters,1
46,93332,Male,Bachelors,0
21,92799,Female,PhD,0
35,82185,Male,Bachelors,0
67,98313,Male,PhD,0
66,61538,Female,Masters,1
61,40343,Female,Masters,0
56,100398,Female,PhD,1
33,61232,Female,Masters,0
28,73106,Female,Bachelors,1
31,101227,Female,Bachelors,0
20,73079,Male,PhD,0
68,45028,Male,Bachelors,0
67,62135,Female,Masters,0
59,51066,Male,Masters,0
55,118717,Male,Masters,1
62,103470,Male,Bachelors,1
59,40910,Male,Masters,1
35,27141,Female,Bachelors,1
37,65950,Female,PhD,1
65,75723,Male,Masters,0
42,36225,Female,PhD,0
55,107123,Male,Bachelors,1
30,52959,Male,Bachelors,1
21,69192,Female,PhD,1
31,99711,Male,Masters,1
50,30051,Female,Masters,1
45,91428,Female,Masters,0
69,23449,Female,PhD,1
54,61095,Female,Bachelors,0
25,97929,Female,PhD,1
61,49190,Female,Bachelors,0
51,117069,Female,Masters,1
61,46141,Female,Masters,1
22,43908,Female,Bachelors,0
22,52322,Male,Masters,0
48,70710,Female,PhD,0
62,34012,Male,Bachelors,1
26,54889,Female,Masters,1
59,37412,Male,Masters,1
49,116150,Female,Masters,1
50,44657,Female,Masters,0
20,25656,Female,Bachelors,0
47,28967,Male,Bachelors,0
67,104958,Male,Masters,0
29,35764,Female,PhD,0
46,35873,Male,PhD,0
20,114485,Female,PhD,0
43,71030,Male,PhD,1
47,87807,Male,Bachelors,1
26,21607,Male,Bachelors,0
43,39523,Female,PhD,0
19,68447,Male,Bachelors,1
20,69757,Male,PhD,0
63,113526,Female,Masters,1
21,89201,Female,Masters,1
42,101844,Male,PhD,0
68,91388,Male,Bachelors,1
30,25462,Female,PhD,1
56,51795,Female,Bachelors,1
61,89806,Female,Masters,0
52,68465,Female,Bachelors,0
40,81109,Female,PhD,1
26,110027,Male,Masters,0
19,70528,Female,Masters,1
58,56230,Female,Bachelors,1
61,68242,Male,Masters,0
48,85883,Female,Masters,1
61,118366,Female,Bachelors,1
64,21783,Female,Masters,1
19,48390,Male,PhD,1
49,28417,Female,Bachelors,1
35,92102,Female,Bachelors,1
30,37426,Female,Bachelors,1
63,50750,Female,Bachelors,0
22,78188,Male,PhD,0
59,30872,Male,Bachelors,1
61,114231,Female,PhD,0
27,68086,Female,Bachelors,1
60,86770,Female,Bachelors,1
42,114368,Female,Masters,1
51,103514,Female,Masters,1
54,108177,Female,PhD,0
47,112663,Female,Masters,1
24,54720,Male,Bachelors,1
23,38079,Female,PhD,0
20,37338,Male,Masters,0
30,23291,Male,Bachelors,0
20,94084,Female,Masters,0
43,119272,Male,Masters,0
41,69393,Male,Masters,0
23,113558,Male,Masters,1
60,89770,Female,Bachelors,1
66,46720,Male,Masters,0
59,33368,Male,PhD,0
29,74313,Female,PhD,1
66,67969,Female,Masters,0
53,68838,Male,PhD,0
19,28734,Female,Masters,0
28,119329,Female,Bachelors,1
56,32197,Male,Bachelors,0
51,88895,Male,PhD,1
43,76831,Male,PhD,1
35,78073,Female,Masters,1
38,92925,Male,Masters,0
53,100488,Male,Masters,0
57,114611,Female,Bachelors,1
69,104475,Female,Masters,1
63,70302,Female,Bachelors,0
61,35624,Female,PhD,1
39,87271,Male,Bachelors,0
47,44315,Male,PhD,1
67,37422,Male,Bachelors,0
60,59137,Female,Bachelors,0
47,92663,Male,Masters,1
25,68232,Female,PhD,1
51,98142,Female,Bachelors,0
64,52743,Female,Bachelors,1
26,119546,Male,PhD,1
68,35636,Female,Bachelors,1
37,110884,Male,PhD,0
57,30108,Male,PhD,1
42,93634,Male,PhD,1
36,56180,Female,Bachelors,1
22,38883,Male,Bachelors,1
28,64400,Male,Masters,0
32,65999,Female,PhD,1
25,67951,Male,Bachelors,0
36,27160,Female,Bachelors,0
40,75262,Male,PhD,1
44,39929,Female,PhD,1
57,103133,Female,PhD,0
49,31123,Female,Masters,1
43,48357,Female,Masters,1
44,90496,Female,Masters,0
36,53556,Male,PhD,1
67,103791,Male,Bachelors,1
59,81934,Male,PhD,1
46,98886,Male,Bachelors,0
56,50881,Female,Masters,1
58,38409,Female,Masters,0
50,75416,Male,Masters,0
36,118171,Female,Bachelors,0
54,87982,Male,Bachelors,1
36,50657,Female,PhD,1
50,106743,Female,PhD,0
64,68951,Male,PhD,0
33,28752,Male,Masters,1
40,33440,Female,PhD,1
24,64864,Male,Masters,0
43,69691,Male,Bachelors,1
49,92035,Male,Masters,0
29,106675,Male,Masters,0
25,100303,Female,Masters,1
22,42343,Female,Bachelors,1
59,113248,Female,Bachelors,1
45,39673,Female,PhD,0
22,79954,Male,PhD,1
66,74698,Male,PhD,1
43,115024,Male,Bachelors,0
22,46520,Female,Bachelors,0
39,35784,Female,Bachelors,1
32,58079,Female,Bachelors,1
30,64220,Female,Bachelors,0
45,40491,Male,Masters,0
50,68720,Male,PhD,1
60,34718,Male,Masters,1
40,55597,Female,PhD,0
50,81217,Female,Masters,1
60,118351,Female,Bachelors,0
35,46832,Female,PhD,0
67,74818,Female,Masters,1
47,117398,Female,PhD,1
43,32864,Male,Bachelors,0
33,108378,Female,Bachelors,0
30,28177,Female,PhD,0
56,66115,Female,PhD,1
50,76210,Male,Bachelors,0
43,71954,Male,Bachelors,0
65,31844,Female,Bachelors,0
18,94130,Male,Masters,1
66,33418,Male,PhD,0
55,54854,Male,Bachelors,1
19,108644,Female,PhD,1
66,95955,Male,Masters,0
23,108075,Male,Masters,0
63,63950,Male,Bachelors,0
67,85227,Female,PhD,1
55,32835,Male,Masters,0
59,37533,Female,PhD,1
41,115051,Male,PhD,1
35,107858,Female,Bachelors,1
44,30223,Female,Masters,1
58,30273,Female,Masters,1
25,53519,Female,Masters,1
45,44160,Female,PhD,0
27,94385,Male,Masters,0
34,111192,Male,Masters,1
46,68988,Male,PhD,1
23,30348,Female,Masters,0
31,103460,Female,Masters,0
39,87519,Female,PhD,0
23,110426,Male,Masters,0
43,34629,Female,Bachelors,1
56,69056,Female,PhD,0
29,31273,Female,Masters,1
52,117275,Female,Bachelors,1
31,60416,Male,PhD,0
39,27894,Female,Masters,0
68,66073,Female,PhD,1
40,65693,Female,Bachelors,1
65,71466,Female,PhD,1
24,44343,Male,Masters,1
57,63095,Female,Bachelors,0
67,51174,Male,PhD,0
42,70801,Male,Masters,0
30,92436,Female,Masters,0
38,89336,Female,Bachelors,0
58,62926,Male,Bachelors,1
27,92590,Female,PhD,1
26,58827,Female,Masters,0
32,64775,Male,Bachelors,0
69,61201,Male,Masters,1
19,49373,Male,PhD,1
42,47525,Male,Bachelors,0
30,92651,Male,PhD,0
51,116643,Male,PhD,1
68,50486,Female,Bachelors,0
51,98604,Female,PhD,0
52,38640,Female,Masters,1
55,117694,Female,Bachelors,1
20,81455,Female,Masters,1
59,56136,Female,PhD,0
23,82425,Female,Bachelors,1
65,76539,Female,Masters,0
66,101664,Female,Masters,1
36,44942,Male,Masters,0
20,88363,Male,Masters,0
35,78596,Female,Masters,1
56,101526,Female,PhD,0
26,55255,Male,PhD,0
69,82129,Male,PhD,1
29,105523,Male,PhD,0
22,82286,Female,PhD,1
20,106437,Male,PhD,0
28,36277,Male,PhD,1
47,21643,Male,Masters,1
21,43729,Female,PhD,0
22,106623,Male,Masters,1
18,41818,Female,Bachelors,1
44,85555,Male,PhD,0
45,118979,Male,Masters,1
46,73629,Female,Bachelors,1
35,75438,Male,Bachelors,1
29,29457,Male,Masters,1
30,79629,Male,Masters,0
58,53922,Female,Masters,1
19,29820,Female,PhD,1
54,52750,Female,Bachelors,1
62,57790,Male,PhD,0
33,108405,Female,PhD,0
65,54421,Male,PhD,1
41,88038,Male,Bachelors,1
52,102201,Male,Bachelors,0
39,82325,Male,Bachelors,1
53,45600,Male,Masters,1
28,49394,Male,PhD,1
63,99622,Male,Masters,1
46,56171,Male,Masters,0
52,119539,Female,PhD,0
65,81526,Female,Bachelors,0
32,33149,Male,PhD,0
48,50394,Female,Masters,0
59,34396,Female,Bachelors,1
58,43324,Female,Bachelors,0
60,67198,Male,Masters,1
33,102705,Female,Bachelors,0
27,111779,Male,Bachelors,1
66,51016,Female,PhD,0
49,23194,Female,PhD,0
68,52398,Female,Masters,1
19,24789,Male,Masters,1
41,105695,Male,Masters,1
40,84967,Male,Bachelors,0
19,81134,Male,Masters,0
55,90886,Male,PhD,1
48,118837,Male,Bachelors,0
68,44977,Male,Masters,1
57,20129,Male,Bachelors,0
43,79683,Male,Bachelors,1
46,65331,Female,Bachelors,1
20,54626,Female,Masters,0
31,68503,Male,Bachelors,1
42,47549,Female,Bachelors,0
65,32342,Female,Bachelors,0
18,56417,Male,PhD,0
20,96514,Male,Masters,1
43,72249,Female,PhD,1
35,72664,Male,Bachelors,1
26,28833,Female,Bachelors,0
55,80658,Male,PhD,0
40,119027,Female,Bachelors,1
38,49473,Male,PhD,0
18,20737,Female,Bachelors,0
38,114965,Female,Bachelors,0
44,66647,Female,Bachelors,1
59,84054,Female,Bachelors,1
23,21299,Male,Masters,1
61,83281,Female,Masters,0
53,85875,Male,Masters,0
45,52920,Female,PhD,1
62,74836,Male,PhD,1
34,62381,Female,PhD,1
57,104971,Male,PhD,0
69,118730,Female,Masters,1
20,76298,Female,PhD,1
29,44509,Male,PhD,1
56,62095,Female,PhD,0
29,71524,Female,Bachelors,1
19,86909,Female,PhD,0
63,92618,Female,Bachelors,1
39,45532,Male,PhD,0
40,80285,Female,PhD,1
47,38866,Male,Bachelors,1
22,27593,Male,PhD,0
26,29495,Male,Bachelors,1
38,27837,Male,PhD,1
28,96708,Female,PhD,1
22,38680,Female,Bachelors,1
52,75476,Male,Masters,0
44,50346,Female,Bachelors,0
66,43412,Female,Masters,0
19,108399,Male,Bachelors,0
41,50804,Male,Masters,0
48,85206,Male,PhD,0
50,30934,Female,Masters,0
56,50723,Male,PhD,0
47,40405,Male,Bachelors,1
63,38748,Female,Masters,1
54,90766,Female,PhD,0
68,66413,Female,Bachelors,0
45,42354,Female,Masters,0
48,94490,Female,PhD,1
28,108675,Female,Masters,0
40,37388,Female,Masters,0
19,56523,Female,PhD,0
57,77693,Male,PhD,0
58,55732,Female,Bachelors,1
44,61646,Male,PhD,0
52,41021,Female,PhD,1
19,113238,Female,Masters,1
56,72776,Male,PhD,1
54,39116,Female,Masters,0
38,92009,Male,Masters,1
22,108271,Female,PhD,0
69,119997,Male,PhD,0
62,96620,Male,PhD,0
38,64771,Female,PhD,0
46,48756,Male,Bachelors,0
37,102604,Male,Masters,0
55,114452,Female,Bachelors,0
37,22919,Female,Bachelors,0
67,43550,Male,Masters,1
42,56524,Female,Bachelors,0
19,74606,Male,PhD,1
49,88819,Male,PhD,0
43,90227,Male,PhD,1
23,43212,Female,PhD,1
58,60118,Female,Masters,0
20,48602,Male,PhD,1
50,37540,Male,Masters,0
18,55829,Male,Masters,1
68,76309,Female,Masters,0
22,85403,Male,Masters,1
30,91455,Female,Bachelors,1
36,42277,Male,Bachelors,0
29,79673,Male,PhD,1
65,37676,Male,Masters,0
42,62844,Male,PhD,0
68,84708,Female,PhD,1
52,29752,Female,PhD,1
29,101548,Female,PhD,1
47,94711,Female,Masters,0
22,60670,Female,Masters,0
51,87603,Male,Bachelors,0
39,51478,Female,Masters,0
56,46439,Female,Masters,1
30,54747,Female,PhD,0
64,49810,Female,Masters,0
20,38302,Male,PhD,1
37,86236,Male,Masters,1
48,84467,Male,Bachelors,1
22,54841,Female,PhD,0
41,64713,Male,Masters,1
57,69546,Male,Masters,1
50,23048,Female,PhD,0
25,53290,Female,Bachelors,0
41,78906,Female,Bachelors,0
67,96637,Male,Masters,0
37,49778,Female,Masters,1
33,47425,Male,Masters,0
67,103388,Male,PhD,1
69,110036,Male,PhD,1
29,78176,Male,PhD,0
30,32674,Male,Masters,0
62,82402,Female,Bachelors,0
59,108731,Male,PhD,0
56,109907,Male,Bachelors,1
42,53053,Male,Masters,0
63,31957,Male,PhD,0
49,92644,Male,PhD,1
41,73616,Female,PhD,1
65,37829,Male,Masters,1
64,25837,Male,Masters,0
61,84141,Male,Masters,1
26,35032,Male,Bachelors,1
57,119770,Female,Bachelors,1
67,46352,Male,PhD,0
40,50215,Male,PhD,1
67,76319,Male,Masters,0
30,94642,Male,Masters,1
49,61247,Female,Masters,1
67,114302,Female,PhD,1
32,63048,Female,Masters,1
53,95532,Male,Bachelors,1
66,86714,Female,Bachelors,1
22,55319,Female,PhD,0
39,36025,Female,PhD,0
33,29780,Female,Bachelors,0
58,42706,Female,Masters,1
27,62916,Male,PhD,0
41,95503,Female,PhD,1
35,50856,Female,PhD,0
66,29179,Female,Bachelors,1
35,58623,Male,PhD,0
24,37587,Male,Bachelors,1
21,43733,Female,Bachelors,1
43,108306,Male,Masters,0
22,119423,Male,Masters,1
33,23975,Female,Masters,0
52,98455,Male,PhD,0
43,95138,Female,Bachelors,0
35,65463,Female,PhD,0
46,119596,Female,Bachelors,1
40,62154,Male,PhD,0
31,95676,Female,Bachelors,1
32,106706,Female,Masters,1
66,48830,Male,Masters,1
50,92126,Female,PhD,0
42,66745,Male,Bachelors,1
38,50609,Male,Masters,1
34,37401,Female,Bachelors,0
40,47729,Male,PhD,1
60,65167,Female,Masters,1
34,114181,Male,PhD,1
31,77391,Male,PhD,1
46,114583,Male,Bachelors,1
37,78171,Male,PhD,0
47,108096,Female,PhD,0
36,26647,Female,Bachelors,0
56,41106,Male,Bachelors,0
30,26015,Female,PhD,0
35,41506,Female,Masters,1
40,44067,Female,Masters,0
63,22056,Female,Bachelors,1
50,117255,Female,PhD,1
56,49328,Female,Masters,0
57,97712,Female,Bachelors,0
35,72832,Male,Bachelors,1
26,62771,Female,Bachelors,1
50,117421,Male,PhD,0
49,106805,Male,Bachelors,0
34,66515,Male,Masters,1
36,84538,Female,PhD,1
44,88650,Female,Masters,0
23,98978,Male,Masters,0
52,60151,Male,Masters,0
54,21629,Female,PhD,1
51,103463,Female,Masters,1
37,116853,Female,Bachelors,1
42,109432,Male,Bachelors,1
21,48155,Male,Masters,0
27,38288,Female,Bachelors,0
27,70588,Female,PhD,1
41,106951,Male,PhD,1
38,56085,Female,Bachelors,0
28,31251,Female,Bachelors,1
44,45574,Male,PhD,0
33,29623,Male,Masters,0
43,106472,Male,PhD,1
47,74715,Male,Masters,1
66,26123,Female,Bachelors,0
33,23061,Male,Bachelors,0
24,59095,Female,Masters,1
33,79618,Female,Masters,1
52,48451,Female,PhD,1
33,101897,Male,Masters,0
57,101443,Male,Bachelors,1
29,54814,Female,Bachelors,0
52,105141,Female,Bachelors,0
66,117792,Male,Masters,1
38,96868,Female,Masters,0
67,57832,Female,Bachelors,1
60,115012,Female,Masters,1
53,29445,Female,PhD,1
65,53490,Female,PhD,1
34,49767,Female,Masters,1
49,66057,Female,Masters,0
58,100746,Female,Bachelors,1
23,109695,Male,Masters,0
41,93100,Male,Bachelors,1
44,61043,Female,PhD,1
37,106755,Female,Masters,1
42,47946,Male,PhD,1
19,56587,Male,Masters,0
26,23364,Male,Masters,1
45,89854,Female,Bachelors,1
55,76088,Male,Bachelors,1
20,97015,Male,Masters,0
37,27398,Female,Masters,1
23,22452,Male,Bachelors,0
56,107208,Female,PhD,1
50,53193,Male,Masters,1
18,99401,Male,Bachelors,1
54,45345,Male,Masters,1
23,105895,Male,Bachelors,1
62,94335,Male,PhD,1
51,79196,Female,Masters,1
64,43053,Female,Masters,0
32,103220,Male,PhD,1
62,25015,Female,Masters,1
43,117201,Male,Masters,0
31,28657,Male,Masters,1
24,71116,Male,Bachelors,1
63,41951,Male,Bachelors,0
48,117599,Male,Masters,1
41,118279,Female,PhD,1
48,46521,Female,PhD,0
46,74431,Female,Masters,0
59,30731,Female,Bachelors,1
49,38744,Male,Bachelors,0
34,83094,Female,Masters,0
31,38423,Male,Bachelors,0
57,37568,Male,Bachelors,1
53,67411,Female,PhD,1
65,23934,Female,Masters,0
41,96945,Male,Bachelors,0
62,116946,Male,Bachelors,0
44,116344,Male,Bachelors,0
42,28172,Female,Masters,1
49,47358,Male,Masters,1
69,86313,Male,Bachelors,1
35,39763,Male,PhD,1
63,68673,Male,PhD,0
35,116706,Female,Masters,1
54,105997,Female,PhD,0
43,87975,Male,Bachelors,0
26,27804,Female,Masters,0
52,67594,Male,Masters,0
25,98748,Female,PhD,1
37,107189,Female,Masters,0
59,107507,Female,PhD,0
39,87525,Female,PhD,0
36,93404,Male,Bachelors,0
47,119248,Male,PhD,1
45,44604,Male,PhD,0
52,42135,Female,Masters,1
60,116080,Female,Bachelors,0
28,57918,Male,Bachelors,1
48,70849,Female,PhD,0
66,50847,Female,Masters,0
65,63774,Male,Masters,1
56,80709,Female,Masters,1
53,30680,Male,Bachelors,1
47,115619,Female,Bachelors,0
40,75037,Male,PhD,1
36,119969,Female,PhD,1
29,78914,Female,Masters,0
32,46309,Female,PhD,1
48,30349,Female,Masters,0
60,95079,Female,Bachelors,0
54,80820,Male,PhD,1
54,94996,Female,Masters,0
32,54553,Male,Bachelors,0
46,48525,Male,Masters,0
67,25948,Male,PhD,0
60,34498,Female,Masters,1
43,38991,Male,Bachelors,1
61,110510,Female,PhD,0
19,79790,Female,Bachelors,1
37,27660,Female,PhD,0
32,46245,Male,Masters,1
69,20238,Female,Bachelors,1
21,39920,Female,Bachelors,0
39,66659,Female,Masters,0
67,94874,Male,Bachelors,0
55,62517,Male,Bachelors,0
40,95885,Male,Bachelors,1
43,66350,Male,Bachelors,0
68,97179,Female,Masters,1
28,48274,Male,Bachelors,1
45,65013,Female,Bachelors,0
19,59913,Male,Bachelors,1
25,65819,Female,PhD,0
46,102168,Male,PhD,0
28,112680,Male,Masters,1
54,97857,Male,Masters,0
35,114792,Female,Masters,0
67,84910,Female,Bachelors,0
31,43485,Male,PhD,1
27,22860,Male,PhD,1
52,69875,Male,Masters,0
26,34919,Male,PhD,0
52,118873,Male,Masters,1
28,93947,Male,Bachelors,1
61,29586,Female,PhD,0
29,71986,Female,Bachelors,1
20,109848,Female,Bachelors,0
56,43055,Female,PhD,0
31,54890,Female,Masters,0
45,83081,Female,PhD,1
28,48807,Male,Bachelors,1
56,105920,Male,Masters,1
42,67177,Male,Bachelors,0
38,114461,Male,Masters,1
27,88625,Male,PhD,1
60,34242,Female,Bachelors,0
32,76317,Female,Masters,1
36,59978,Female,Masters,0
65,36433,Female,PhD,0
39,53282,Female,Masters,1
38,96519,Male,Masters,1
69,63578,Female,Bachelors,0
61,90207,Female,PhD,1
49,44133,Female,PhD,1
67,70317,Male,Bachelors,1
40,85950,Male,Bachelors,0
30,79612,Male,Bachelors,0
22,84873,Male,Masters,1
21,106778,Male,PhD,0
45,82002,Male,PhD,1
31,72508,Female,PhD,1
25,58379,Female,Masters,1
26,35231,Female,PhD,1
68,107385,Male,PhD,0
52,61163,Male,PhD,1
54,51676,Male,PhD,0
38,107592,Male,Bachelors,0
35,105483,Female,Masters,1
50,75535,Male,PhD,1
25,111576,Male,PhD,0
68,66110,Male,PhD,1
66,66978,Male,PhD,1
34,110818,Male,PhD,0
60,111737,Female,Bachelors,0
48,92369,Male,Bachelors,0
51,24752,Male,Masters,1
23,44507,Female,Masters,1
39,105705,Male,PhD,0
31,61495,Male,PhD,0
20,110466,Female,Bachelors,1
29,80886,Female,Masters,0
53,90559,Female,PhD,0
29,20982,Female,PhD,1
62,99841,Female,PhD,0
19,36146,Female,Masters,1
19,74843,Female,Bachelors,0
32,96737,Female,Bachelors,1
40,102446,Female,PhD,1
46,108567,Female,PhD,0
34,43636,Male,PhD,0
49,102850,Female,PhD,0
24,47332,Female,PhD,1
47,71434,Female,Masters,0
45,103866,Female,Bachelors,1
31,81271,Female,Masters,0
61,82726,Male,Masters,1
47,100901,Male,PhD,0
34,30108,Male,Masters,1
49,88896,Female,Bachelors,1
63,62553,Female,PhD,1
23,60880,Male,Bachelors,1
68,72077,Female,Masters,1
41,23625,Female,PhD,1
23,58237,Male,Bachelors,0
44,21223,Female,Bachelors,1
35,79303,Female,PhD,0
41,85197,Female,Bachelors,0
54,94693,Female,PhD,0
41,57760,Female,PhD,0
55,99182,Female,Masters,0
51,77966,Female,Bachelors,0
57,49024,Male,PhD,0
64,90323,Male,Masters,1
32,43202,Female,Masters,0
